Date,return_1m,realized_growth_10y,trend_gap,price_to_trend,vol_12m,momentum_12m,drawdown_12m,wavelet_approx_energy,wavelet_detail_energy_1,wavelet_detail_energy_2,state,state_0_prob,state_1_prob,state_2_prob,regime_label
2000-02-01,-0.020108083256356934,0.1520173073750506,0.0920173073750506,0.8162707987709039,0.1403664882654118,0.10343776895999457,-0.06998805925110596,0.003138209300928109,0.0018418828307180258,0.001804856622955119,2,0.11154077411904485,2.0368071729483803e-08,0.8884592055126943,transition
2000-03-01,0.09671982835364812,0.15991927294706354,0.09991927294706354,0.8962320152067811,0.16378598752498005,0.16496805875681808,0.0,0.002602608831085738,0.0028915818493114257,0.002592358938376459,2,4.359895556781285e-05,0.00675872404923528,0.9931976769949933,transition
2000-04-01,-0.030795755780191336,0.1594525343335258,0.0994525343335258,0.8526231092073422,0.16712677457199848,0.08781587148049486,-0.030795755780191336,0.0018143765295741633,0.002526530861502349,0.00299150913455189,2,5.038772491967358e-06,1.9395767828611922e-08,0.9999949418316333,transition
2000-05-01,-0.021915050603417807,0.14675012951861088,0.08675012951861089,0.8190533595249878,0.1664943223454751,0.09122473797368191,-0.052035915837315705,0.00286056511768336,0.0027564758349362672,0.001539952456102533,2,3.381901845876799e-08,3.8447135515850935e-09,0.9999999623364608,transition
2000-06-01,0.023933549615877237,0.15049207146332133,0.09049207146332133,0.8310225128262463,0.15994531288184327,0.05965572989104717,-0.02934777039493852,0.0030956549332966372,0.002317442232352489,0.0018232864615220327,2,2.1248662724291817e-08,1.9482155996509996e-10,0.9999999785563889,transition
2000-07-01,-0.016341275904170893,0.1491997114618957,0.0891997114618957,0.8029574292122943,0.1566287401574347,0.0768483861182041,-0.04520946628591338,0.0022157687577205104,0.0028180342366154122,0.0020684818987211253,2,5.62433593625432e-08,1.4035516807053713e-09,0.9999999423530442,transition
2000-08-01,0.06069910494167097,0.16750022228632266,0.10750022228632267,0.848980244490825,0.16451193609190884,0.14940057590050437,0.0,0.0031565812292191735,0.0023596786765627212,0.002889026932075163,2,4.5075381462860036e-07,2.3744032333961355e-10,0.9999995490089639,transition
2000-09-01,-0.053482974719764265,0.16721706655923496,0.10721706655923496,0.7811287286211899,0.17299901132584883,0.11990243586766614,-0.053482974719764265,0.003200402548070968,0.0032104402954247248,0.0011961588876275887,2,8.077405089248321e-07,3.776259484692856e-08,0.9999991544967934,transition
2000-10-01,-0.00494948542177065,0.16742239475066434,0.10742239475066434,0.7632671008421408,0.16381702948210766,0.048769906072687164,-0.05816774693784643,0.0035101393025359705,0.0024063452786457296,0.0017792466134732476,2,3.815913585355696e-05,2.8093405948030236e-08,0.9999618127705706,transition
2000-11-01,-0.08006861010730892,0.1510009254841953,0.0910009254841953,0.6680915851011244,0.18334998265231797,-0.0532504490483392,-0.13357894639476842,0.0024364547447950496,0.0030468202294528664,0.001954400621589256,2,0.01979762146660432,7.201356603713469e-05,0.9801303649673797,transition
2000-12-01,0.004053445623728669,0.14864616767662553,0.08864616767662553,0.6605881706985803,0.17128043131912465,-0.10139184665858436,-0.13006695576672578,0.0022365015338073678,0.002459944529514235,0.0032100932804795955,2,0.16418791119782192,0.013828583653564147,0.8219835051487582,transition
2001-01-01,0.03463657667616449,0.14788500622869383,0.08788500622869383,0.6831449751003573,0.16912330871483552,-0.020402128400121344,-0.09993545317701069,0.0024548455883203176,0.002901258807375169,0.0015310422681533685,2,0.17558247284686246,0.11745411243597907,0.7069634147173766,transition
2001-02-01,-0.09229073539585964,0.1294452282927765,0.0694452282927765,0.5761699499664781,0.1920412719279114,-0.0925631200299668,-0.18300307210704558,0.0035684559896082607,0.0027642166671037814,0.002011966588810377,2,0.42757566636963584,0.17571027738017272,0.3967140562499679,transition
2001-03-01,-0.06420471080339152,0.11951406034699241,0.059514060346992415,0.5004035223797123,0.1627345520923486,-0.22571368223188504,-0.235458123589672,0.0041167473505351595,0.0029479903729846286,0.0023358551253597907,0,0.9968762840923628,0.003123715842948841,6.469720885376215e-11,fragile_downturn
2001-04-01,0.07681436165439459,0.1277939222658797,0.06779392226587971,0.5643885859320719,0.1885258221885959,-0.1397451755111042,-0.1767303273951597,0.0033512342032817406,0.0028771250204379217,0.0036763992146740176,1,0.002816635993861627,0.9971833640019633,4.352206392066554e-12,supportive_uptrend
2001-05-01,0.005090187401275648,0.12410068736696078,0.06410068736696078,0.5597172515439492,0.1887687122118682,-0.11599326490830764,-0.1725397304798142,0.003213041099652624,0.003322568484762679,0.001967226979761759,0,0.9992817496971177,0.0007179583800310315,2.919230646006657e-07,fragile_downturn
2001-06-01,-0.02503538942756467,0.12677059764663268,0.06677059764663268,0.52441684080177,0.1858218022778323,-0.15827029737876108,-0.1932555205630896,0.002990586837013564,0.0026372331139935946,0.0024426256473525786,1,0.06658381299639403,0.9334157207872221,4.662161703289514e-07,supportive_uptrend
2001-07-01,-0.010740149595403703,0.12062617202133152,0.060626172021331526,0.5041279652126862,0.1857938235546832,-0.15347733995691115,-0.20192007695750813,0.0012907889279992286,0.003067333077273566,0.0026532510920810513,0,0.9556490766797021,0.044350883923216046,3.9397018584944705e-08,fragile_downturn
2001-08-01,-0.06410840688075747,0.11106189976736225,0.05106189976736225,0.42909598464454923,0.17371081175526537,-0.25308370938727975,-0.21087918054978416,0.0021555244732268117,0.0023714423829344316,0.0033407909642931303,1,0.07115948005148338,0.9288403808155384,1.3913278885748468e-07,supportive_uptrend
2001-09-01,-0.08172340570563885,0.10376106320835321,0.04376106320835321,0.3356123938603277,0.18127325413159143,-0.2753688214284804,-0.271764430091604,0.003526926657277773,0.0028616871248158533,0.0016641714083932815,0,0.947925289948446,0.05207471000760601,4.412670777554824e-11,fragile_downturn
2001-10-01,0.018099111333141016,0.10444257142306967,0.04444257142306968,0.34527127050332584,0.18549963513641798,-0.25858401343507853,-0.22417843081639777,0.0034812292277381428,0.0024886856232784068,0.0021544005788962624,0,0.7547692855656961,0.24523071443176606,2.432915734921713e-12,fragile_downturn
2001-11-01,0.0751759041240454,0.11748300597725359,0.05748300597725359,0.4084989804224737,0.19818961994955547,-0.13346515572215922,-0.16585534291408477,0.0024054521859015474,0.0028134881359509604,0.0032735657103183558,1,0.2525884394798892,0.7474115430714607,1.7448802799833372e-08,supportive_uptrend
2001-12-01,0.0075738340889277556,0.10655813708442596,0.046558137084425966,0.4076064086522111,0.19849979979400242,-0.13042693172742603,-0.1595376696751506,0.001878366323388352,0.0025742007257853272,0.0036257828696517583,0,0.7600383578295234,0.23595470876416802,0.0040069334064253255,fragile_downturn
2002-01-01,-0.015573832456979853,0.10704828791715792,0.04704828791715793,0.38343525728470507,0.19242352243858998,-0.17262688919403268,-0.10003025950367606,0.00350320950093418,0.002742428440335178,0.0035985542106501634,1,0.01819947620316507,0.7574804138642551,0.22432010993272955,supportive_uptrend
2002-02-01,-0.020766211039727644,0.10367376520484806,0.04367376520484806,0.354230029360445,0.17309835568381304,-0.1074325912805284,-0.11871922106419164,0.0032410118120172467,0.0024684206597087107,0.0020395365587740437,2,0.19681656628724886,0.0037283783653695797,0.7994550553472933,transition
2002-03-01,0.03673889286207466,0.11011074729035997,0.05011074729035997,0.38160515413758045,0.16684265335587792,-0.011151949786979531,-0.08634194094546321,0.0014319276107184742,0.0028313613420612943,0.0029280732968660727,2,0.015082815350761244,0.18931560766563357,0.7956015769835282,transition
2002-04-01,-0.061417625919219065,0.10006606537570262,0.04006606537570262,0.3102729796067907,0.15432561502256154,-0.13809159347749456,-0.14245664983455453,0.001324359159135383,0.0027433396749454247,0.003684017156620209,0,0.6578876785073283,0.01510278553239639,0.327009535960434,fragile_downturn
2002-05-01,-0.009081481352177012,0.09895704732818777,0.03895704732818778,0.29328654429301615,0.15332203333560965,-0.15024441377776543,-0.12842417354685953,0.0014679013466744862,0.002891299707542699,0.002826951911774494,1,0.02373013720594596,0.6574434374538494,0.3188264253402894,supportive_uptrend
2002-06-01,-0.0724553538081798,0.0926339866523509,0.0326339866523509,0.2106895877971393,0.16445615850090295,-0.19157450842317858,-0.1827976327491868,0.0050695967657526445,0.002813318883117065,0.001622170374620213,0,0.9999535655018914,3.9062107607702825e-05,7.3723904877476165e-06,fragile_downturn
2002-07-01,-0.07900427514940767,0.07950161126279598,0.01950161126279598,0.1220147479057827,0.1756259886015953,-0.24736011342421726,-0.2059612309146842,0.004925483911098171,0.0025121406549429804,0.0032470897097443972,1,8.064260792678662e-06,0.9999918874879596,4.825128573318645e-08,supportive_uptrend
2002-08-01,0.004881433306494376,0.08265400177435334,0.02265400177435334,0.12026635267301966,0.17116567000795543,-0.1918787885836395,-0.20208518362062333,0.004413233326998814,0.002606902680053007,0.0016978742363522538,0,0.9999999943097464,5.50759704008802e-09,1.8287010238026925e-10,fragile_downturn
2002-09-01,-0.11002431825242787,0.06913817804775868,0.009138178047758683,-0.0018658614066184853,0.18473848265975626,-0.216784756865532,-0.2898752173162754,0.006391808071031284,0.0022747393391445037,0.0024879194763489723,1,1.1374921512103166e-10,0.9999999998863132,2.3230700810519544e-15,supportive_uptrend
2002-10-01,0.08644880033371405,0.07781292202737666,0.017812922027376665,0.07480404173685695,0.21048938526742486,-0.16420390526391204,-0.22848578176602818,0.004019992022432279,0.0036966882433087937,0.0013180694444089737,0,1.0,1.1837965124674526e-16,1.1702190195268497e-21,fragile_downturn
2002-11-01,0.05706962070498589,0.08058512582352395,0.020585125823523953,0.12384605631414658,0.2028430707575311,-0.17827896118154252,-0.1844557579629117,0.003653029175434701,0.0022751497495574896,0.0029105640687551964,1,0.000194824246167759,0.999805174282142,1.4715848381922957e-09,supportive_uptrend
2002-12-01,-0.06033257188502883,0.07280214074729607,0.012802140747296076,0.05576061941142996,0.2060734339670651,-0.23365963957103564,-0.23319882856589325,0.0015882404077279522,0.0035756683483415676,0.0021619171428894665,0,0.9999999999986358,1.5441025499943352e-13,1.0927960116704167e-12,fragile_downturn
2003-01-01,-0.02741469268304464,0.06907327129329044,0.009073271293290441,0.022397117381205867,0.2061177972573101,-0.2428773233269227,-0.2542204470297579,0.001805025174731616,0.0023456544829107673,0.004071531964929785,1,4.937515476703915e-07,0.9999995062463622,2.0544865608880125e-12,supportive_uptrend
2003-02-01,-0.01700360825687175,0.06612894834153682,0.006128948341536822,-8.890237698633285e-05,0.20616236287125092,-0.23996815911881453,-0.2669013903944488,0.0025125255877735176,0.003282615824614392,0.001316007276951241,0,1.0,1.685526984287985e-16,6.9334580457669e-17,fragile_downturn
2003-03-01,0.008357567684332823,0.06504185774516169,0.005041857745161693,0.002982759096322951,0.19933677349006015,-0.26077446914538016,-0.21240207437456426,0.0015185491661447634,0.0022616601595145604,0.004030457227661475,1,9.924733708212363e-07,0.999999007471653,5.509891867878801e-11,supportive_uptrend
2003-04-01,0.0810441071800323,0.07614087203701092,0.016140872037010923,0.07479498452790612,0.21952747669821604,-0.1485719036754053,-0.1407688116612985,0.0023134487215230224,0.0033319947010032823,0.0018972580814412086,0,0.9999999884353202,1.0590635558463712e-12,1.1563416648234855e-08,fragile_downturn
2003-05-01,0.050898709609522585,0.07907006570990593,0.019070065709905937,0.11809906152983185,0.22825675507268886,-0.09703505291860193,-0.02649974770631025,0.002844671652436554,0.0022420044843705594,0.0033269672022097382,1,2.1746596596356943e-05,0.997454675894885,0.0025235775084816022,supportive_uptrend
2003-06-01,0.011322214676852127,0.08020407910048166,0.020204079100481664,0.12292849421920149,0.2169260904695358,-0.01547756886187146,0.0,0.0024850318780552916,0.0031614723562668453,0.0019485845804378453,0,0.9487897846660848,3.7705334688698276e-08,0.05121017762858117,fragile_downturn
2003-07-01,0.016223701958536507,0.08252195702778486,0.022521957027784867,0.1324142095395766,0.19900370723569846,0.08631886406933265,0.0,0.0019336477796613218,0.002137393314351422,0.003799904032955785,1,1.1781409919010607e-06,0.8402420182313917,0.15975680362782013,supportive_uptrend
2003-08-01,0.017873203593487874,0.0807764908094053,0.0207764908094053,0.14365625250265257,0.1991731420376675,0.10036351120146048,0.0,0.001867356293324096,0.003158962343769822,0.0017171552641516048,2,0.12631723783130464,1.4930070786673796e-09,0.8736827606757006,transition
2003-09-01,-0.011944364585525724,0.08056272058395453,0.02056272058395453,0.12518315224614884,0.15396117448175847,0.22162929903003148,-0.011944364585525724,0.002958208469758781,0.0020797463423482985,0.0034467187870064107,2,3.057897938096088e-09,0.007960837428492589,0.9920391595136032,transition
2003-10-01,0.05496148663571665,0.08427508736765299,0.024275087367652992,0.17194477616114678,0.1413269132878335,0.1862242022142333,0.0,0.002606214626397869,0.0031769798163677394,0.0015865406608035146,2,5.130373433515438e-07,6.761123667850683e-14,0.9999994869628105,transition
2003-11-01,0.0071285040713728876,0.08645644486879855,0.026456444868798557,0.1721378731890315,0.1337646672336826,0.1301811941890041,0.0,0.001955645019540429,0.002176449953316155,0.0033458503552129698,2,1.8808063350154197e-10,2.244712390242085e-09,0.9999999975671017,transition
2003-12-01,0.05076554077889206,0.09075407717719863,0.030754077177198635,0.21441775224579018,0.1138549376713598,0.2638039993281984,0.0,0.002693144878153211,0.0030711429340934725,0.0016513043741051474,2,3.468883177154309e-09,4.9180880826301485e-14,0.9999999965311872,transition
2004-01-01,0.017276386950755285,0.08913497350963273,0.029134973509632733,0.2244312843962284,0.10158228009289892,0.3218768128393372,0.0,0.0023925096499445887,0.0020699972906793175,0.00309974158810529,2,3.978983683976409e-11,3.8956778029408625e-10,0.9999999995707185,transition
2004-02-01,0.01220897373761054,0.09378903059949839,0.03378903059949839,0.229095676134623,0.09254582942809352,0.36116020706746665,0.0,0.003008914516954271,0.002816310147051427,0.0016790961278349314,2,3.6138038718285085e-10,7.340380526446092e-13,0.9999999996380211,transition
2004-03-01,-0.01635891961786684,0.09711171816683306,0.03711171816683306,0.2048780539707895,0.10072504013095737,0.32779595211224977,-0.01635891961786684,0.002275290085560187,0.0018172887782152104,0.0029463162465408095,2,1.3506858448173716e-11,2.6568192219125214e-10,0.9999999997207851,transition
2004-04-01,-0.016790751960348183,0.09400056140085233,0.034000561400852336,0.18045797116079676,0.0871845808557048,0.20762996713599047,-0.03287499301657215,0.0019512855455467069,0.0025575813056866103,0.001639634791494323,2,6.3301687308759126e-12,5.5113212800842245e-14,0.9999999999936335,transition
2004-05-01,0.01208345009735412,0.09396665875800791,0.03396665875800792,0.1849848136068788,0.07850682581856246,0.16302579154758212,-0.021188786256784553,0.0020444376203101926,0.0017991665327239093,0.002978962421175412,2,2.4406965311336374e-14,4.952038414883617e-14,1.0,transition
2004-06-01,0.017988998771432563,0.09889899192485974,0.03889899192485974,0.19495486145890517,0.07864400170273993,0.17069262782997696,-0.003580952535293447,0.0021268433102724815,0.00253487055711291,0.0015406883080134218,2,2.715358642296e-14,8.745740340840185e-16,1.0,transition
2004-07-01,-0.034290519520026264,0.091681438459702,0.031681438459702005,0.1527527006333198,0.09182056887951398,0.11250009938220318,-0.03774867933250803,0.002179986073295756,0.0017992944174962133,0.003052620469560137,2,8.290099771388996e-13,1.6258833195110254e-12,0.9999999999977263,transition
2004-08-01,0.0022873503233691306,0.08790809732319715,0.027908097323197156,0.14801604932872792,0.09154464274719801,0.09546530246373708,-0.03554767346301679,0.0025267304614302447,0.002434856988997551,0.0016153806756893548,2,5.204660319574877e-13,6.6038829993332135e-15,0.9999999999995453,transition
2004-09-01,0.009363875526838816,0.0918933855107198,0.031893385510719796,0.15001025219364905,0.0889375318560414,0.11908992122305384,-0.026516661925754303,0.002310351207141342,0.001588638561776927,0.003004233629626303,2,9.149683792325058e-15,1.2951134308373115e-14,1.0,transition
2004-10-01,0.014014243690939843,0.09116175561446394,0.031161755614463937,0.15665695767266818,0.07446204344160327,0.07565359917540881,-0.012874029196912162,0.002865216631160285,0.0023385429260451823,0.0014603688595177624,2,2.65567203666603e-15,2.049090821024274e-16,1.0,transition
2004-11-01,0.03859493629597055,0.09972532822357127,0.03972532822357128,0.1866040306621004,0.08118602790488828,0.10926100968833663,0.0,0.0021492429990381226,0.001528703005166791,0.0027265087519339924,2,7.221566497726722e-17,4.793204420823294e-17,1.0,transition
2004-12-01,0.03245821284320516,0.10189595829377152,0.04189595829377152,0.21046057932674778,0.07249294279723145,0.08993452410946756,0.0,0.0021352317377251037,0.0022047413483694397,0.0016589615626142798,2,7.795363094250937e-17,7.300567326813481e-17,1.0,transition
2005-01-01,-0.025290467442294018,0.0964437067431887,0.0364437067431887,0.17717214925490765,0.07842316791687655,0.04432736682078575,-0.025290467442294018,0.004449586640577527,0.0014821454636859102,0.002888897753654415,2,2.0790200361701782e-13,3.731174456657663e-14,0.9999999999995453,transition
2005-02-01,0.018903346132113308,0.09461288058300132,0.034612880583001326,0.1883656500570563,0.07947964394141367,0.05123415828051159,-0.006865195770085375,0.002032542790583315,0.002139926394124516,0.001057782337771728,2,3.819824024230527e-18,5.847640045648974e-18,1.0,transition
2005-03-01,-0.01911765556028966,0.08956033114378315,0.029560331143783147,0.16191503505670024,0.08030974878793527,0.048285849680768766,-0.025851604882288548,0.0030768553513390302,0.0012365658288103335,0.0022428611645382984,2,1.155345396409e-15,5.89795935655897e-17,1.0,transition
2005-04-01,-0.020108582083263493,0.0843548885616352,0.024354888561635202,0.13485275377233563,0.08131725600810773,0.04474841919338135,-0.045440347846792406,0.001702617025562436,0.0018258473736497316,0.0012350275579740711,2,1.9053937720662782e-17,2.9396951565070147e-17,1.0,transition
2005-05-01,0.02995204663120865,0.083687593824876,0.023687593824876008,0.1576675262695213,0.0851501017320729,0.06319372425212211,-0.016849332633229297,0.0021956097766281115,0.0011842516544895763,0.0021662425564695103,2,5.462489375655166e-18,2.3465384286365636e-18,1.0,transition
2005-06-01,-0.00014271417986777557,0.0813928215491666,0.021392821549166607,0.15100398025210193,0.08414945642341809,0.044256856129746946,-0.016989642174409125,0.002364469107714993,0.0018807479194306365,0.0009108515297439039,2,5.159939346197038e-18,3.198527599077917e-18,1.0,transition
2005-07-01,0.03596828690361842,0.08183140494508256,0.021831404945082566,0.17978589999872963,0.07851992978894778,0.12023026406907711,0.0,0.0039395722006218175,0.0011835780723842592,0.0023401193890915657,2,4.8346276800199935e-15,3.0783663256338794e-16,1.0,transition
2005-08-01,-0.011222104598600069,0.0806457989610303,0.020645798961030304,0.16203711712674274,0.08104048350615828,0.10513110089019007,-0.011222104598600069,0.002075833340467504,0.0018968886081756414,0.0012405723757633817,2,1.0256577238889946e-16,5.2042302216711965e-17,1.0,transition
2005-09-01,0.00694902431673361,0.07715130984719099,0.017151309847190988,0.16276878489193614,0.08105210013283942,0.10248713151401567,-0.004351062959607077,0.002600450277636537,0.0012292804174002373,0.001315732793177836,2,2.454406959633623e-18,9.54767545162928e-19,1.0,transition
2005-10-01,-0.01774077993231349,0.07576179188036036,0.015761791880360365,0.138782996467266,0.08479247901069063,0.06796147753687976,-0.02201465164148253,0.0026264661872462116,0.001624798921769361,0.0009121247983530598,2,2.7612708235403296e-17,8.263820224577446e-18,1.0,transition
2005-11-01,0.035186096519093324,0.0751544110850293,0.015154411085029296,0.16732551963171982,0.08340999736567327,0.06445625193103988,0.0,0.0014272922769697977,0.0012651835447328838,0.0016589479663234104,2,2.8986998150919395e-21,1.4957057510083308e-19,1.0,transition
2005-12-01,-0.0009523493171964548,0.07319444303931855,0.013194443039318549,0.16048607807344517,0.07814797835313202,0.030010226581274946,-0.0009523493171964548,0.0014927334620180362,0.0016022592653866785,0.0008994136457914038,2,1.0668871506632678e-22,4.708314078561293e-20,1.0,transition
2006-01-01,0.025466771341108085,0.07244895690010744,0.012448956900107444,0.17980524217656413,0.07472482794410311,0.08364720587986074,0.0,0.0018506361221352085,0.0012466466932395518,0.001195037901375498,2,5.062570860995428e-22,1.2732013989566875e-20,1.0,transition
2006-02-01,0.0004531577283561905,0.07175673023002238,0.011756730230022383,0.1744833717482681,0.07377099968094988,0.06402464286877008,0.0,0.0014223215843531308,0.0015674766821617754,0.0009535865333768998,2,1.214566641373336e-22,4.554305102356073e-20,1.0,transition
2006-03-01,0.011095810408889628,0.07209431253917442,0.012094312539174423,0.17971690551657904,0.06884330511904124,0.09679908571598728,0.0,0.002266922090840184,0.0011234134046232316,0.0014922945259169247,2,2.346827136448781e-20,7.666824333938323e-20,1.0,transition
2006-04-01,0.01215565291784415,0.07195927427304039,0.011959274273040388,0.1860085991599707,0.061709901624150014,0.13291266197913565,0.0,0.0018708402500553114,0.0014208084611598538,0.0009055551770115779,2,4.7447800849172525e-22,1.0026247696966227e-20,1.0,transition
2006-05-01,-0.030916916538203165,0.06618617714396202,0.006186177143962024,0.14926300644607604,0.07030469172434928,0.0659588466809169,-0.030916916538203165,0.003858279495420305,0.0011232280352426196,0.001137208213493989,2,9.971530568440254e-16,5.4581207808679296e-17,1.0,transition
2006-06-01,8.659650459597046e-05,0.0659550983736279,0.005955098373627898,0.14402699893009618,0.07028489614795863,0.06620331732308671,-0.030832997330512257,0.00226830766729084,0.0014125106384574176,0.0008168446553773355,2,1.1703137464194942e-20,3.809743985114504e-20,1.0,transition
2006-07-01,0.0050858788034533475,0.07150183994300408,0.011501839943004077,0.1433448839114444,0.06199769675607945,0.034419597319711226,-0.02590393141462921,0.0013205756973636413,0.0010092356976706266,0.0014676495809953386,2,2.007940577515893e-24,7.161672397186286e-22,1.0,transition
2006-08-01,0.02127419311502643,0.07176030820395574,0.011760308203955738,0.15862073681875533,0.06239750612080003,0.06841591474513753,-0.005180823538955881,0.0011885886528107713,0.0012540686224584874,0.0011187785436149397,2,1.4794017715460243e-25,3.1148470462136856e-22,1.0,transition
2006-09-01,0.024566297967782313,0.06870843608181842,0.008708436081818427,0.17735256507500186,0.06521234146914157,0.08710859440285179,0.0,0.0032175130630297736,0.0006355910848365657,0.001083257376295769,2,2.6300212043330874e-21,3.3752065941188577e-22,1.0,transition
2006-10-01,0.03150800358539563,0.06927025708806478,0.009270257088064782,0.20279300998866834,0.0632762616146861,0.1416143447508078,0.0,0.0011970447498607436,0.0006727236651405974,0.0006230182918501439,2,8.231158509680543e-28,1.130937809293446e-24,1.0,transition
2006-11-01,0.016466656343095964,0.06346109387444931,0.003461093874449317,0.21399816346238154,0.058109603573120255,0.12097034508496707,0.0,0.002317438756544466,0.0004963887199191251,0.0003867223164467481,2,8.228377923215598e-27,4.557768157784909e-25,1.0,transition
2006-12-01,0.012615782814670462,0.06711256250616326,0.007112562506163267,0.22112199189212678,0.05697147189524026,0.136194317382607,0.0,0.00112345006014558,0.00046441548060809074,0.0006652069877593076,2,2.526453759597917e-29,1.5799657571259075e-25,1.0,transition
2007-01-01,0.014059043023177953,0.062262971852727444,0.0022629718527274467,0.2300496638982743,0.0548759496631375,0.1235548087692504,0.0,0.0009267081276153267,0.0004863197117644259,0.0005196820045746881,2,4.980013143373263e-32,1.7850581287322678e-26,1.0,transition
2007-02-01,-0.021846175991944383,0.05929296221380209,-0.000707037786197906,0.20316118777907466,0.06298277388569277,0.09851163364380722,-0.021846175991944383,0.0016754679552026827,0.0005486158565527321,0.00024615190767152996,2,1.1981773983610495e-27,3.325822652947834e-24,1.0,transition
2007-03-01,0.009979982939206433,0.06497314575138735,0.004973145751387353,0.20784590093155852,0.06293304874501597,0.097299335616293,-0.012084217516424522,0.0029760500971050398,0.00046072571076352496,0.00039599737052568726,2,8.559844825617829e-24,1.0620579321140251e-23,1.0,transition
2007-04-01,0.043290690426759815,0.06344241489573532,0.003442414895735324,0.2450998102340778,0.07223378444402834,0.1310534878303644,0.0,0.001371046960751545,0.0004810005330899093,0.0005199914463008826,2,2.06964646959101e-28,4.0972903676141963e-25,1.0,transition
2007-05-01,0.032549228707361655,0.060798297297421255,0.0007982972974212577,0.2722120561412744,0.059233798421064784,0.2051272242975375,0.0,0.0010269650283609361,0.00043535259016881834,0.0002936408101962422,2,1.4384138268944942e-29,3.4688476856939118e-25,1.0,transition
2007-06-01,-0.01781632254788501,0.05439857921849511,-0.005601420781504884,0.2498209008310548,0.06665624543992543,0.18355379733636457,-0.01781632254788501,0.0007698091476441655,0.0005029290046866528,0.0005378243421698532,2,8.216434422459793e-27,3.3221197923008525e-22,1.0,transition
2007-07-01,-0.03198187836198829,0.04309871616672267,-0.016901283833277325,0.2138001114913024,0.08101336200569231,0.1399041096060687,-0.04922840144928886,0.0007340577518060219,0.0004459569385443076,0.0006617981073115006,2,7.675093789642894e-25,1.3371290463239419e-20,1.0,transition
2007-08-01,0.012863572018857905,0.0506323923949723,-0.009367607605027695,0.2224656287315705,0.0803084269573502,0.1305165214181998,-0.0369980825178472,0.0005525084680824438,0.0005334670451472537,0.0005786728162447778,2,9.544165213810757e-28,7.781576310795164e-23,1.0,transition
2007-09-01,0.03579400817860079,0.048887608504844415,-0.011112391495155582,0.2536564038180851,0.08318391794077737,0.1429052871976353,-0.0025283840074826758,0.0014468659284999302,0.00039855678969731893,0.0007901030771095056,2,5.347481373256725e-26,6.228774256784511e-23,1.0,transition
2007-10-01,0.014822338223554832,0.05412405874980086,-0.005875941250199135,0.26397745259230554,0.08042395667417727,0.12441766025128809,0.0,0.0008646630086980863,0.00046002356199878773,0.0003761163897926133,2,1.560514072459615e-30,1.0094707173124954e-24,1.0,transition
2007-11-01,-0.04404341737941575,0.04481906030380767,-0.01518093969619233,0.21528102642887692,0.09635615550680422,0.057481283054735766,-0.04404341737941575,0.001152512733977486,0.00042232649190669777,0.0011014040783165902,2,1.2603799883351195e-22,1.9985913394446125e-19,1.0,transition
2007-12-01,-0.008628508561297932,0.04228582882076415,-0.01771417117923585,0.20316372562429308,0.09687071841015975,0.035295730663479574,-0.0522918969367866,0.0004897509860914052,0.0005095332690119549,0.0005026467448578105,2,1.552211392618349e-29,4.428330101224451e-23,1.0,transition
2008-01-01,-0.06116343227776988,0.034682820523900704,-0.025317179476099294,0.13720861757208969,0.11519088400929078,-0.041502073236416526,-0.11025697731758721,0.0011782272097595806,0.00044147705318273444,0.000644732133240796,2,8.928161883583626e-22,9.94512192992292e-19,1.0,transition
2008-02-01,-0.03476119273728817,0.024033371603293663,-0.035966628396706335,0.09984978501775554,0.11817938316729441,-0.05415756409142858,-0.141185506015708,0.0010960249230301475,0.0005249496032795925,0.0005036728686067551,2,3.699576009595082e-21,2.267046851104023e-18,1.0,transition
2008-03-01,-0.005959623397817415,0.018445580304686793,-0.041554419695313205,0.09234920518804834,0.11717968272318326,-0.06908494516818964,-0.14630371696844147,0.000745761687264406,0.00040529368434639404,0.0007395040555379106,2,1.06143230586329e-22,1.2785281119661644e-18,1.0,transition
2008-04-01,0.047546697641229096,0.02226327543432971,-0.03773672456567029,0.13696523487369205,0.1191700750827987,-0.06528736389407563,-0.10571327792169893,0.0009525147962411223,0.0005618203905308904,0.0007005447784339765,2,4.0651248488375313e-25,1.722936987768075e-20,1.0,transition
2008-05-01,0.01067418170406853,0.02529604718506273,-0.03470395281493727,0.14550106656358253,0.11351124134593332,-0.08508969610344308,-0.09616749895469934,0.0006931943595276578,0.00046856966942820954,0.0007503780222482966,2,9.8964348150571e-29,4.051343085749781e-22,1.0,transition
2008-06-01,-0.08596238482631446,0.012198806436902077,-0.04780119356309792,0.054607095927424965,0.13839640911600137,-0.14856818386476234,-0.17386309622808582,0.0013410790170363975,0.0006942211654624635,0.001683468026515873,2,1.1744023194198796e-13,1.2852209487375465e-11,0.9999999999868123,transition
2008-07-01,-0.009859371185302779,0.012378489205072452,-0.047621510794927546,0.043673590782398186,0.13676933248759118,-0.12911007038333533,-0.18200828661224988,0.0008764407973597769,0.0007236784459648777,0.000672698362811351,2,9.402372945258422e-18,1.5828028589189124e-15,1.0,transition
2008-08-01,0.012190464669121548,0.029705445333628955,-0.030294554666371043,0.05335095130568046,0.1366442975573628,-0.12968882790668868,-0.17203658753056228,0.0007271265577980274,0.0005412571411941115,0.0015321856910975522,2,9.633823067270438e-14,1.6482322102470647e-11,0.9999999999836291,transition
2008-09-01,-0.09079143354379215,0.013796385358213703,-0.046203614641786295,-0.04297165390551516,0.1477587704297778,-0.2360504435228017,-0.24720857267047258,0.002053013257221322,0.000982332495563402,0.0008540020708044721,2,0.10059619052070658,1.4691607686085925e-07,0.8994036625632955,transition
2008-10-01,-0.16942452401777075,-0.012506050749434783,-0.07250605074943478,-0.22755938532849473,0.20309451658910804,-0.374749901930436,-0.3459429963277699,0.006279405431781474,0.0006217252939640375,0.0023752485346101265,1,0.0030411346610286077,0.996958865338904,2.4786271521659125e-17,supportive_uptrend
2008-11-01,-0.0748490423387097,-0.025771252209014217,-0.08577125220901421,-0.3031819802319138,0.20661837997909807,-0.39489853668756225,-0.38963197092312996,0.004506066662504033,0.0012663685635423614,0.0005543742591096647,0,0.9999999999995453,2.3114623040376866e-13,1.3149995424608638e-28,fragile_downturn
2008-12-01,0.007821576633499472,-0.030344461029278347,-0.09034446102927834,-0.2928229681404204,0.20990655949601533,-0.38485793060906714,-0.35499650319872544,0.0029458677241339707,0.0005988966591385315,0.003940121826003335,1,6.653040601374529e-09,0.9999999933470463,6.08041603432996e-29,supportive_uptrend
2009-01-01,-0.08565734305805428,-0.042843585961026,-0.102843585961026,-0.3787238095027883,0.21425477577667668,-0.4009067675236928,-0.4102457889978768,0.0036376519795306575,0.001506896630739796,0.0009012045861706322,0,1.0,1.0708853141788388e-17,4.372034197336034e-30,fragile_downturn
2009-02-01,-0.10993119762019943,-0.05081598626971018,-0.11081598626971018,-0.4908342730022053,0.22518806812642786,-0.44756241467724345,-0.4750781757148961,0.004446348836748702,0.00047835557269194787,0.0037074813170928553,1,7.954312259741403e-12,0.9999999999922693,8.55225029229182e-42,supportive_uptrend
2009-03-01,0.08540446199532292,-0.04664066550935886,-0.10664066550935886,-0.4049012969186956,0.2589889622059072,-0.3967868567544006,-0.43024750972222336,0.0033907932594983057,0.0024585570716258763,0.0009078236871716612,0,1.0,8.989567027922051e-32,4.206546161567581e-56,fragile_downturn
2009-04-01,0.09392507914826331,-0.04161945802414968,-0.10161945802414968,-0.311586549138438,0.2791778978053503,-0.37008060170105017,-0.3767334619779631,0.004939513858789643,0.0005957415772498603,0.003941390651304707,1,4.374461234884153e-12,0.9999999999954525,4.571751277101257e-47,supportive_uptrend
2009-05-01,0.05308144638516654,-0.03421066039141385,-0.09421066039141385,-0.25696517669236574,0.2897194802408316,-0.34364957265627794,-0.283505962493088,0.004273911448884052,0.0019667672423524436,0.001314212119892159,0,1.0,1.2042255691264902e-19,1.5967133557608016e-28,fragile_downturn
2009-06-01,0.00019582726560996022,-0.03929778354143465,-0.09929778354143465,-0.25342846972838107,0.2847118706513744,-0.28178124427795415,-0.2833656534248973,0.00349410332913324,0.0006222780929580825,0.0058566906906653005,1,1.0506431930842955e-21,1.0,1.2195679077195934e-31,supportive_uptrend
2009-07-01,0.07414172714778422,-0.029245340622909843,-0.08924534062290984,-0.1794330611677415,0.3011760967029235,-0.22084932958993875,-0.23023314523639538,0.0048590677959376395,0.0021344198589466996,0.0005880926586152075,0,1.0,4.95098727008504e-24,3.517247149518459e-28,fragile_downturn
2009-08-01,0.03356018886854417,-0.025424418648111513,-0.08542441864811151,-0.14427762449714354,0.30417805895864075,-0.20439962420578361,-0.12495283794432155,0.004084116465254777,0.0006352991959538987,0.003515000898604179,1,1.8310548938244664e-08,0.999999981689598,1.2253883896279787e-18,supportive_uptrend
2009-09-01,0.03572334572311964,-0.019160523039145283,-0.07916052303914528,-0.10756535172489556,0.2960868833016451,-0.0936932256501718,0.0,0.00385058162989775,0.002050087516947149,0.001165521360600777,0,1.0,4.904753412404549e-18,1.0511055401835673e-19,fragile_downturn
2009-10-01,-0.019762000526814205,-0.027036428183578654,-0.08703642818357865,-0.12524117887746744,0.2372068788588935,0.0696154233870967,-0.019762000526814205,0.003652772979561826,0.0006436487776753231,0.004105122052177317,1,2.565208381570515e-10,0.9999999997435225,2.310106471085397e-20,supportive_uptrend
2009-11-01,0.05736406145372763,-0.023439890675543973,-0.08343989067554397,-0.06748552106805761,0.22339372473835317,0.22247390969052283,0.0,0.00454162549238515,0.0022218058108710525,0.0006000580885589819,0,1.0,1.9148938066715806e-23,5.231631598587882e-18,fragile_downturn
2009-12-01,0.017770570919338313,-0.027203922682906945,-0.08720392268290694,-0.04757260070596114,0.22308058621611174,0.2345419048834072,0.0,0.004249400167723286,0.0006610613621005042,0.003487659597475152,1,2.6688815317080863e-08,0.9999999733113331,3.5908549434322145e-20,supportive_uptrend
2010-01-01,-0.03697424569226215,-0.025785552318393523,-0.08578555231839352,-0.08307073880013771,0.202359453725809,0.30027363390346684,-0.03697424569226215,0.003737919262878854,0.002184409274517894,0.0013032360860728075,0,1.0,1.559999961670085e-19,7.007115707036224e-17,fragile_downturn
2010-02-01,0.028513689046546054,-0.02105620938135,-0.08105620938135,-0.05318257795843362,0.14053108908901352,0.5025234323462486,-0.009514828790115781,0.003547012591698498,0.0008184292351182442,0.003967994242626834,1,4.393037693428014e-11,0.9999999999558895,5.149153983404926e-20,supportive_uptrend
2010-03-01,0.058796425545497355,-0.024495149608217526,-0.08449514960821752,0.006016916351324397,0.13245770047008404,0.4656899756446875,0.0,0.00473725099550516,0.002159074983860049,0.0010115985345263354,0,1.0,1.1969959386481032e-20,2.6923802731280584e-15,fragile_downturn
2010-04-01,0.014759230482012997,-0.02000422477758823,-0.08000422477758823,0.022352207551938008,0.11529873353445094,0.3596200143509296,0.0,0.004390620696029084,0.0008268809236273103,0.0033872306793972136,1,1.88089216203071e-06,0.9999981191062443,1.7225880087161448e-12,supportive_uptrend
2010-05-01,-0.08197584207319053,-0.026195097040587756,-0.08619509704058775,-0.06096734030045958,0.1538867362447789,0.1852492730352695,-0.08197584207319053,0.004243809879943342,0.0023070700083334685,0.00239760952222816,0,0.9999999999954525,3.5065974591682334e-14,4.296092291869583e-12,fragile_downturn
2010-06-01,-0.05388244223983851,-0.0338617204379259,-0.0938617204379259,-0.11348509733350287,0.16844313972045982,0.121165592748812,-0.1314412257374582,0.004426472801965973,0.0009133295164505505,0.004157908330656749,1,1.9604323221617053e-10,0.9999999998040039,2.33799895052239e-17,supportive_uptrend
2010-07-01,0.06877784957463517,-0.02581017472487901,-0.08581017472487901,-0.04479020650189014,0.16631009398701263,0.11556689489848249,-0.07170362101449956,0.004671064603857156,0.0025441613096015524,0.002549048393005994,0,0.9999999999986358,1.0760224994111357e-15,1.2006439034950914e-12,fragile_downturn
2010-08-01,-0.04744918363260475,-0.036230486180241495,-0.09623048618024149,-0.09032677051372673,0.17348398973940246,0.028129922081531866,-0.11575052636646466,0.004687025297605189,0.0015263935551591795,0.00375623827036892,1,3.957861829899838e-06,0.9999960421379108,3.546095401034515e-13,supportive_uptrend
2010-09-01,0.08755110305113556,-0.02275083329234262,-0.08275083329234262,-0.004480494075650654,0.19086586053242555,0.07957770330935654,-0.03833350957746262,0.004785199839873883,0.002917993873445166,0.0021428957637307944,0,1.0,4.8320497827733616e-20,1.4486970748871504e-14,fragile_downturn
2010-10-01,0.03685599403554063,-0.018720694011800543,-0.07872069401180054,0.03328740303786226,0.19034646265997288,0.14193350319515852,-0.0028903351422701062,0.004264237968493734,0.0014922992293924858,0.00424614054936079,1,9.67942459006577e-09,0.9999999903207026,1.6517606990972366e-15,supportive_uptrend
2010-11-01,-0.002290249746576656,-0.010723897785197667,-0.07072389778519766,0.031893011091627343,0.1842614985524846,0.07750795758317652,-0.005173965299519745,0.004549460376567252,0.002677220787616993,0.001505123923243835,0,0.9999999999931788,1.9544875184661455e-18,7.0268423722442455e-12,fragile_downturn
2010-12-01,0.06530004034715509,-0.00484889567012492,-0.06484889567012492,0.09555455607608732,0.1930608750425713,0.12782713853760175,0.0,0.005113660794528866,0.0016418945451162834,0.003596964179257741,1,1.2650244042899978e-06,0.9999987349750697,4.590083605652404e-13,supportive_uptrend
2011-01-01,0.022645574359139164,-0.006008293443830581,-0.06600829344383058,0.11844972721060198,0.18580017408488514,0.19764962329247115,0.0,0.003993560092017931,0.0027277927427051003,0.0022428953799707298,0,0.9999999999868123,2.5452590333677894e-16,1.3327374022217086e-11,fragile_downturn
2011-02-01,0.03195656372809341,0.006825544867872457,-0.05317445513212754,0.14933944094899765,0.18607538967884746,0.2016586681980579,0.0,0.004389005623771227,0.0015730702799644919,0.004133828803725279,1,1.5054163759172148e-08,0.9999999849455891,3.3060325294503504e-13,supportive_uptrend
2011-03-01,-0.0010473129391664893,0.013422710054733278,-0.04657728994526672,0.14718046056337464,0.18087534304508326,0.1337402795895728,-0.0010473129391664893,0.005336067899458987,0.002693117588162956,0.0015084329486252396,0,0.9999999998926796,6.0077784070937294e-15,1.0741873961071362e-10,fragile_downturn
2011-04-01,0.028495380666536008,0.008780742256748741,-0.051219257743251256,0.17454886468920972,0.18164320719577323,0.14908700054848278,0.0,0.004743967189018284,0.0016060575142835105,0.0034136645270949864,1,1.4152139646070565e-05,0.9999858476813739,1.789697266964036e-10,supportive_uptrend
2011-05-01,-0.01350095289522324,0.006899085965522467,-0.05310091403447753,0.16038299555324453,0.15331968477766345,0.23479673306368443,-0.01350095289522324,0.004121081293185132,0.0027264050491702598,0.002076339454002614,0,0.9999999956671672,4.4694097408527604e-15,4.333052960152826e-09,fragile_downturn
2011-06-01,-0.018257461652479323,0.0075968992465902385,-0.05240310075340976,0.1413261272974662,0.13835038834583735,0.2812915996729348,-0.03151192141794601,0.004011122072821202,0.001544419450296679,0.004153376272129299,1,5.041432140500388e-08,0.9999999495653368,2.015369189062485e-11,supportive_uptrend
2011-07-01,-0.02147442530666621,0.006498198945024125,-0.05350180105497587,0.11907800671810431,0.13414042028700074,0.1730937345105834,-0.05230964632185309,0.005124164133189875,0.0027058722668388165,0.001084487782472275,0,0.9999999738142836,9.73653498231614e-18,2.6185749645656886e-08,fragile_downturn
2011-08-01,-0.05679110795232889,0.007282377774677995,-0.052717622225322,0.060005838671305156,0.13904940849597824,0.16158888595086784,-0.1061300315029694,0.005579144172373681,0.0015254726000526817,0.003433001380365813,1,9.9407493085303e-08,0.9999999005667682,2.5649747870520178e-11,supportive_uptrend
2011-09-01,-0.07176198808089651,0.008369774844267486,-0.05163022515573251,-0.015155840590404424,0.13748364044268224,-0.008569845465310144,-0.17027591752812476,0.005359885550162627,0.0027314495418273538,0.0018249490796674408,0,0.9999999996830411,3.341330936503168e-14,3.1681577814344716e-10,fragile_downturn
2011-10-01,0.10772303843744147,0.016913311957713173,-0.043086688042286825,0.085753094974506,0.1721070910540611,0.059192433179900306,-0.08089551829953612,0.00563911223338086,0.0023090303427350163,0.004778821337106676,1,6.010679472295261e-13,0.9999999999995453,5.981038259124874e-16,supportive_uptrend
2011-11-01,-0.005058715107011391,0.009057060277150697,-0.0509429397228493,0.0799301836613413,0.17227328832555197,0.056253364417117924,-0.08554500602603621,0.0052867116078189,0.0034097831165698085,0.001324553379089752,0,0.999999999962256,5.090942515804832e-22,3.7871312303223793e-11,fragile_downturn
2011-12-01,0.008532763666636134,0.009153053292528357,-0.05084694670747164,0.08766746423782035,0.15974049459667736,-3.183666393691276e-05,-0.07774217767868119,0.00570385517846325,0.0018131662352395084,0.004643740805461489,1,5.3092360947394835e-11,0.9999999999467946,1.4323153270648683e-13,supportive_uptrend
2012-01-01,0.043583062704985354,0.015059326230361991,-0.044940673769638007,0.1290819203494884,0.16415316990318843,0.020441357853319575,-0.03754735717828783,0.004667498072625294,0.00323183801974127,0.0021499984013775494,0,0.9999999981791916,2.304659376185408e-16,1.8207758908509543e-09,fragile_downturn
2012-02-01,0.04058946376811723,0.02124684808095134,-0.038753151919048656,0.16711724161712738,0.16604773885779928,0.028977926686438726,0.0,0.004770066583960572,0.0018467532462645854,0.0041518616334926435,1,8.430911019025284e-08,0.9999999155320474,1.5893230964912608e-10,supportive_uptrend
2012-03-01,0.03133231453144192,0.020713015357483044,-0.03928698464251695,0.19626026577100042,0.16824012781556597,0.062330779502336675,0.0,0.005636763463456722,0.003159716890911472,0.0011666660796106562,0,0.999999999661668,1.0524228571557442e-17,3.3853285009073065e-10,fragile_downturn
2012-04-01,-0.007497452372495994,0.026430565569515396,-0.0335694344304846,0.18656062345356172,0.16686192716011963,0.02515385571870965,-0.007497452372495994,0.00497984497126675,0.0019096789952930556,0.00383629672674511,1,1.9746272583980565e-06,0.9999980246763199,6.962322538128522e-10,supportive_uptrend
2012-05-01,-0.06265072571454366,0.020741862790724763,-0.039258137209275235,0.1201505086790009,0.17899936714466624,-0.025921793326568632,-0.06967845725489263,0.006076832642232049,0.0030468507278926036,0.002212179708962823,0,0.9999999997980922,3.2974327519461863e-12,1.984199353740615e-10,fragile_downturn
2012-06-01,0.03955498222833631,0.03244563048321125,-0.027554369516788746,0.15628236302445764,0.1822180991453678,0.03143931659703858,-0.03287960516497135,0.0041522439749284825,0.0021287698500878347,0.004094549581429417,1,2.0981867311884218e-07,0.9999997790387414,1.1142360868044315e-08,supportive_uptrend
2012-07-01,0.012597574204787909,0.042281711473909134,-0.017718288526090864,0.16535022602371363,0.18022897261946358,0.06735375848804659,-0.020696234226073362,0.005170851336460047,0.002973338718190946,0.0019083244514133413,0,0.9999998544312908,3.1665479245113423e-12,1.4556548049363393e-07,fragile_downturn
2012-08-01,0.019763369506085704,0.04381510208023731,-0.016184897919762686,0.1813473050182246,0.16655844619398613,0.1539843128999503,-0.0013418920443820648,0.011019527960759737,0.002057524983807244,0.0028987276307643308,1,1.785659329575831e-19,1.0,1.990633377156104e-23,supportive_uptrend
2012-09-01,0.024236153617775313,0.058585088641114336,-0.001414911358885662,0.20054999094624648,0.13853363150863118,0.27332908026061786,0.0,0.010942865962753184,0.0026368158725837343,0.0023781052681415642,1,9.301492672530697e-20,0.9999999999995453,2.373939647324617e-13,supportive_uptrend
2012-10-01,-0.01978940971629395,0.047747865471417184,-0.012252134528582814,0.17667523437394017,0.10649050486587465,0.12675335447413527,-0.01978940971629395,0.003452369438544958,0.002107091521955288,0.002714497206278223,2,1.3626849024266942e-05,5.8871150381589044e-08,0.9999863142797673,transition
2012-11-01,0.0028467166850427716,0.042245146184258564,-0.017754853815741434,0.17606980844166653,0.10552498667279164,0.13570611573302882,-0.016999027874077588,0.003488971150917394,0.002367898774320787,0.0013970796486862697,2,6.02880641919455e-09,3.711820072469604e-13,0.9999999939709596,transition
2012-12-01,0.007068230956284616,0.04949011781185386,-0.010509882188146136,0.17908780619716236,0.1055738790037604,0.1340569092662105,-0.010050949972839285,0.006066125046940978,0.001980091547986046,0.002471912835324716,2,1.4623148088897436e-06,3.5478035849201887e-06,0.9999949898818156,transition
2013-01-01,0.050428096466868855,0.057601884645146484,-0.002398115354853514,0.22361860051961369,0.10807298091184642,0.14149537593862238,0.0,0.002462989934357969,0.002311420024145201,0.002533318891018124,2,1.8379683498280725e-10,2.3944984037287352e-11,0.9999999997921805,transition
2013-02-01,0.011060648765041536,0.0605832024109465,0.0005832024109465039,0.22971694866445524,0.10334486441218564,0.10910315311051444,0.0,0.006210193713886587,0.001891217364305625,0.0011485384146098993,2,3.4687831883167146e-07,8.895258492577397e-09,0.9999996442261996,transition
2013-03-01,0.03598772398287298,0.0634540980905327,0.003454098090532709,0.2599453935315097,0.10453642597971909,0.11410961827101773,0.0,0.005246071572911683,0.0016695563184189717,0.001389007648523257,2,3.4652914374495535e-09,6.941003356000674e-11,0.9999999964652488,transition
2013-04-01,0.018085767779890016,0.05709214190761025,-0.002907858092389748,0.2732427363570906,0.10312824993338639,0.1428274404128862,0.0,0.002423489830324814,0.0019137996466361473,0.001174497248552907,2,1.3319373442400792e-14,7.582631371893062e-16,1.0,transition
2013-05-01,0.020762811683057825,0.05402094851324346,-0.005979051486756537,0.2894085783096516,0.06387717821143922,0.24452622234511057,0.0,0.00188207257532216,0.0015755662446260551,0.0019384342839125711,2,7.436959519598688e-16,2.1602807049088837e-15,1.0,transition
2013-06-01,-0.014999301595580827,0.05124499624619827,-0.008755003753801727,0.27013105183267694,0.06750051190769442,0.17921535575238057,-0.014999301595580827,0.00337123636396684,0.0018605141428902786,0.0010492660221467084,2,5.364039978052427e-14,6.221578728311997e-16,1.0,transition
2013-07-01,0.04946207991308538,0.054633797065103185,-0.005366202934896813,0.31397598031078555,0.07617208924934527,0.22214572841062474,0.0,0.002519056992607953,0.001629927703736238,0.0013596597642965686,2,8.188072976104853e-16,1.7607625157586488e-16,1.0,transition
2013-08-01,-0.031298019479343964,0.04942482932387038,-0.01057517067612962,0.27815752623234324,0.09005592701701493,0.16095069012886998,-0.031298019479343964,0.0015750115437627892,0.0020714505147372696,0.0010802456144324388,2,1.5535659520745613e-15,2.3566870610884865e-16,1.0,transition
2013-09-01,0.029749523259195332,0.05377127380006663,-0.006228726199933365,0.3031084993662887,0.0909823200558597,0.1671999816301839,-0.0024795973786161385,0.0012948066108582578,0.001683360242280834,0.0019141321886609317,2,6.924113184328505e-17,3.1452827907950045e-15,1.0,transition
2013-10-01,0.04459575276194472,0.05273126308097664,-0.007268736919023355,0.3424561379932287,0.08819122727116009,0.24386754797437682,0.0,0.0026012476566898437,0.001893389984044412,0.0010498854973102906,2,2.6670968809542873e-14,3.013117933217121e-16,1.0,transition
2013-11-01,0.028049471367328715,0.05489791284375767,-0.00510208715624233,0.36566576133571527,0.08685684862581665,0.27512744856265403,0.0,0.0019160998797785604,0.0015850597721117198,0.0013461903340640908,2,4.813577401343154e-15,2.4101593413748976e-15,1.0,transition
2013-12-01,0.023562791975445974,0.052134592867565166,-0.007865407132434832,0.3847201486410965,0.0855800383635945,0.2960124957332435,0.0,0.0016951869244374578,0.0018054044535649424,0.001336579122803835,2,6.956706398142111e-15,2.2480239210507405e-15,1.0,transition
2014-01-01,-0.035582905955811595,0.04653532806365357,-0.013464671936346428,0.3446983224786857,0.09700331216402726,0.18989258682632104,-0.035582905955811595,0.0021296370804224207,0.0016268200269048052,0.0019146750845129175,2,5.96530483149199e-12,1.940149864940679e-12,0.9999999999922693,transition
2014-02-01,0.0431170301781616,0.04968787031495636,-0.010312129685043636,0.38287062641676695,0.10082170625694954,0.22761895927543097,0.0,0.002349532958905907,0.0019389342115987585,0.0011416145341336655,2,1.6802315354111476e-14,5.505976407198649e-16,1.0,transition
2014-03-01,0.006932165418227054,0.0521472740600446,-0.007852725939955396,0.3855427832711369,0.09922256787772303,0.19318886542338576,0.0,0.002250678410013863,0.0017280940762762916,0.0008454519185344492,2,8.470919885792201e-17,7.303320364177966e-17,1.0,transition
2014-04-01,0.006200789153414155,0.05458212105848781,-0.005417878941512189,0.3872957104134942,0.09955712210002798,0.17925975982963016,0.0,0.00346767936892569,0.0017146372821427742,0.0010205343091850433,2,5.972072513645516e-13,1.536389501389787e-14,0.9999999999995453,transition
2014-05-01,0.02103028007328045,0.05551068506026158,-0.00448931493973842,0.403605847137146,0.09957667669730834,0.17956875885076018,0.0,0.0014088872727197443,0.0016500307165086417,0.0011255380014135923,2,2.271375547017407e-19,3.011653875722719e-17,1.0,transition
2014-06-01,0.019058331749470137,0.05562150739835148,-0.00437849260164852,0.417974035516405,0.09435628928560605,0.22035382667791192,0.0,0.0021315642947478024,0.0014814883723030731,0.0007098381399676798,2,2.2627163618933675e-18,1.3153151810124327e-17,1.0,transition
2014-07-01,-0.015079830845342368,0.057702872062024735,-0.002297127937975263,0.3981043933173707,0.09223770444669149,0.14530207465874945,-0.015079830845342368,0.0016166846341375799,0.0013974258742677124,0.0007673542826347131,2,4.5332577321604245e-21,2.6638692863726323e-18,1.0,transition
2014-08-01,0.037655295579825276,0.061377237385049854,0.0013772373850498565,0.4301040922802475,0.08242807306850852,0.22682598642923946,0.0,0.003390563076284351,0.001285450274013464,0.0010082192376433905,2,1.0568293940815629e-14,1.1599599531328239e-15,1.0,transition
2014-09-01,-0.015513837249453988,0.058731794023726414,-0.0012682059762735842,0.4097126752492093,0.08733605271713651,0.17289999214533758,-0.015513837249453988,0.0013639808495496287,0.0012220369048356505,0.0009848303359367518,2,4.72647851857735e-21,5.646855201921919e-18,1.0,transition
2014-10-01,0.023201460667203078,0.05968714229601457,-0.00031285770398542523,0.42781793109696853,0.08149649327995631,0.14887790995370542,0.0,0.0016384512013135019,0.0012212775427786343,0.0006462594069789586,2,3.6446234416530725e-25,6.98082825435069e-21,1.0,transition
2014-11-01,0.02453358864631494,0.05824363467545868,-0.0017563653245413202,0.447337855873001,0.08080871843285423,0.14494879943455086,0.0,0.0026911992016396824,0.0011232901503113637,0.0005895707664352633,2,3.2169093626339907e-22,6.045453104218142e-20,1.0,transition
2014-12-01,-0.004188587515997044,0.05442604920833438,-0.005573950791665616,0.4387240891765378,0.08108903300896961,0.11390633786748117,-0.004188587515997044,0.001154077246179229,0.0011542317700511413,0.0009664524140540895,2,5.4144223616488476e-27,1.3342443253674828e-20,1.0,transition
2015-01-01,-0.031040805838410623,0.05380232864121681,-0.0061976713587831855,0.402824235864534,0.07843128065597217,0.1191524851405299,-0.03509937622258652,0.0012114109977022641,0.001115963222736068,0.0010835929826030107,2,1.634121210250395e-23,5.798318918685429e-19,1.0,transition
2015-02-01,0.0548925108906233,0.05746664109180988,-0.0025333589081901198,0.4516067716590042,0.084556103112561,0.13178631060959067,0.0,0.0014296971863675498,0.00135969161477135,0.0007206447113657798,2,8.129588255320027e-27,2.4424245466162964e-21,1.0,transition
2015-03-01,-0.017396107114219572,0.05765209084036105,-0.00234790915963895,0.42938662066481736,0.08909779348934996,0.10444146379802222,-0.017396107114219572,0.0012816574865814336,0.0013185183183301386,0.000716523920888316,2,4.286090903512388e-25,7.710714606714447e-20,1.0,transition
2015-04-01,0.008520819822535275,0.060702332055318386,0.0007023320553183887,0.43296040436552374,0.08905947586366621,0.1069880112623871,-0.00902351638601806,0.0009810087880008846,0.0012722610255274012,0.0009483531905079332,2,4.775859349065975e-26,4.2988868224214826e-20,1.0,transition
2015-05-01,0.010491382304589791,0.05868091634073869,-0.0013190836592613109,0.4386451578203783,0.08809980794102382,0.09556187267517191,0.0,0.0011036141468468669,0.0012127063000489085,0.0009706055875606827,2,5.587305167102721e-27,1.5718569331588555e-20,1.0,transition
2015-06-01,-0.021011671979729973,0.05645021162562003,-0.0035497883743799696,0.4128333963490327,0.09161928833485816,0.05248370241155231,-0.021011671979729973,0.0017076593108099703,0.0013009200603344307,0.0007205556361230811,2,1.3407427589483253e-24,9.176002670386765e-20,1.0,transition
2015-07-01,0.019742029435184882,0.054783725373621195,-0.005216274626378803,0.42793843381681285,0.09006853560125959,0.08969427193858603,-0.0016844555912514103,0.0024473495622479723,0.0012768507723749682,0.0006999826988626443,2,4.511591803338451e-23,7.532561303542711e-20,1.0,transition
2015-08-01,-0.06258081825586559,0.049172573123992924,-0.010827426876007074,0.3593135504972018,0.10752986316930083,-0.015568737418584333,-0.06415985923790091,0.0012228184490004142,0.0015797062825899672,0.0006073058700036589,2,3.074022423439913e-23,2.6721646861230823e-18,1.0,transition
2015-09-01,-0.026442831280001466,0.04564033205995388,-0.014359667940046117,0.3287956982246225,0.10968808772902912,-0.026497121990468497,-0.08890612218512584,0.002977914313593103,0.0009889956218333367,0.0008310868237701777,2,5.125502378829315e-17,1.5453915311390637e-16,1.0,transition
2015-10-01,0.08298311781266654,0.055897796575550274,-0.004102203424449724,0.4039824613468248,0.13734206404272262,0.030380841460970087,-0.013300711584015024,0.0013409638826163254,0.001258580334986833,0.0010037231297561516,2,3.3763643335554193e-22,5.930145896645996e-18,1.0,transition
2015-11-01,0.0005048691103348713,0.05230579299577953,-0.007694207004220466,0.4002385572344984,0.13535962921963285,0.0062149844026127,-0.012802557592104358,0.0010993994430105228,0.0011474040610101556,0.0007286733125481134,2,5.589640967149549e-25,5.975178102930631e-19,1.0,transition
2015-12-01,-0.017530185032692547,0.05054645728517837,-0.009453542714821628,0.37844369348594675,0.1365915912424491,-0.007265997205823549,-0.030108311421315648,0.0015398430062823142,0.001073064064224923,0.0012542117663860348,2,4.179770670828044e-20,1.5754899984232376e-16,1.0,transition
2016-01-01,-0.0507353220469523,0.042465846505363336,-0.01753415349463666,0.32291033342976405,0.14276908014966389,-0.02744374671953509,-0.0793160785920175,0.0014809173151115122,0.0010422744480568379,0.001284911901930063,2,1.9831159416931212e-17,5.070371932509163e-15,1.0,transition
2016-02-01,-0.0041283603090035426,0.04198746858448943,-0.01801253141551057,0.31534593483573925,0.12883562521947062,-0.08185793277797582,-0.083116993550296,0.0008406356076548924,0.0011676711098132621,0.0007935143078508293,2,8.434801476045872e-26,2.438413271681156e-19,1.0,transition
2016-03-01,0.06599111444005845,0.047511075079085696,-0.012488924920914302,0.37538284632039254,0.14684459290569932,-0.003941168421491281,-0.02261086214352881,0.001280441054265542,0.0011571521603829652,0.0015433471177861567,2,2.0634561880805293e-20,4.3626125227906154e-16,1.0,transition
2016-04-01,0.0026993982833325436,0.04652827915666102,-0.013471720843338975,0.37428875067618783,0.14661221438607694,-0.009690656406761256,-0.019972499582651237,0.0008955537587698808,0.001261631862044344,0.000817270603747119,2,5.136090328534336e-24,4.6108305439263435e-18,1.0,transition
2016-05-01,0.015324602525288444,0.05141787958142108,-0.00858212041857892,0.38531881625692854,0.1470685228519008,-0.0049539676749033035,-0.003275028724097684,0.00115367774881291,0.00099550129565437,0.0012046987715890547,2,2.423871955283196e-22,3.306666136761442e-17,1.0,transition
2016-06-01,0.0009109212401243738,0.0515045109252934,-0.008495489074706597,0.3820441556815659,0.1452086184427399,0.017328207482185443,-0.0023670907772002092,0.0008272643830011283,0.0010491569355866334,0.0007752727353039656,2,2.746298577498751e-24,3.718470614736966e-18,1.0,transition
2016-07-01,0.035609800753315435,0.05465505404208404,-0.005344945957915959,0.4126001091667284,0.14813395217559974,0.03315841834517408,0.0,0.0009006264836116992,0.001016536586138279,0.0009711916125593487,2,1.001269793676352e-23,3.762433003904242e-18,1.0,transition
2016-08-01,-0.0012192428990193127,0.0523088407945862,-0.0076911592054138,0.40713123520882366,0.12982780740789368,0.10078689168715793,-0.0012192428990193127,0.0006777489757983302,0.0011038730065047293,0.0007123531760264153,2,3.1135355702846866e-24,1.9152680170394182e-18,1.0,transition
2016-09-01,-0.0012344511393173052,0.04962838748902998,-0.010371612510970019,0.4018596727696506,0.12473910067843452,0.1292896394569838,-0.002452188942550837,0.0006642810598844743,0.0009818963811634056,0.0009326985939622925,2,3.2926658739546896e-23,6.808267837499286e-18,1.0,transition
2016-10-01,-0.01942567890903446,0.04432664604528069,-0.015673353954719305,0.3786284757363765,0.09955455112502343,0.022502016247627266,-0.02183023241656301,0.0007598672946598111,0.001060326434272987,0.0006770502632235357,2,1.5051028939537083e-30,1.1323842658759484e-21,1.0,transition
2016-11-01,0.034174521829295035,0.046131860403588076,-0.013868139596411921,0.4084737358417314,0.10448913108155726,0.056911931535803095,0.0,0.0009356531961505967,0.0010763752575287278,0.0009049738933831232,2,1.690466393513588e-29,1.723146232525173e-21,1.0,transition
2016-12-01,0.01820076244186586,0.04670741676912504,-0.013292583230874955,0.42270672683158583,0.10215391080159354,0.09535022667283655,0.0,0.00131885837634892,0.0010571202690677507,0.0007702044486716586,2,3.530580496333234e-27,5.756263177620968e-21,1.0,transition
2017-01-01,0.01788435819838252,0.04710159550222626,-0.012898404497773741,0.4365975446156112,0.07967676766954317,0.17453002136721207,0.0,0.0007560058869491432,0.0009979257211815743,0.000920664404468715,2,1.0062428346490656e-28,1.819243846952303e-21,1.0,transition
2017-02-01,0.03719816006681631,0.053256818706364006,-0.006743181293635991,0.4687966207019185,0.08028590264661746,0.22327047839549463,0.0,0.0013276104391401458,0.001039629539746917,0.0007315124316235334,2,2.5618278802255703e-25,1.1018825561760007e-20,1.0,transition
2017-03-01,-0.0003891971352694146,0.05217044100413126,-0.007829558995868735,0.46416942136345973,0.061500548418792635,0.14709622666221778,-0.0003891971352694146,0.0007127949279779411,0.00103401210451506,0.0008192264922859499,2,2.0007261538093373e-32,3.9246382334876145e-23,1.0,transition
2017-04-01,0.009091208748854607,0.048669424989195686,-0.011330575010804311,0.46925937498512305,0.06081468928623966,0.15440850956484375,0.0,0.0006917004113900019,0.001049092250412006,0.0006921468064765627,2,4.926971385236189e-34,4.769995105355584e-24,1.0,transition
2017-05-01,0.011576251246328662,0.04651966067597746,-0.013480339324022539,0.4769799632790743,0.06071849787897616,0.15014669161765015,0.0,0.0004977513762002826,0.000999982418264156,0.0009211572173481692,2,1.3569194965382348e-34,8.216469490627714e-24,1.0,transition
2017-06-01,0.004813775207812565,0.048906262801243994,-0.011093737198756004,0.4778031920866317,0.06007239488513777,0.1546314609248347,0.0,0.0007370726558351088,0.000997511797118599,0.0007867309444177846,2,1.481715126106913e-33,9.310545843384531e-24,1.0,transition
2017-07-01,0.019348826001101882,0.05433982806006732,-0.005660171939932679,0.4925576416613904,0.05515626478683436,0.13650162764153384,0.0,0.0005767268890349656,0.0009011534511414291,0.0008855092749087474,2,1.278384555799275e-35,8.722440946089625e-25,1.0,transition
2017-08-01,0.000546433019853243,0.053050605228898595,-0.006949394771101403,0.48879631792906864,0.054762156760866106,0.13851077083078667,0.0,0.0011965265346812277,0.0009140972363625592,0.0006155159552802854,2,1.2179653269868409e-33,1.4276269749793032e-24,1.0,transition
2017-09-01,0.019302978562167672,0.051361893380916346,-0.008638106619083652,0.5037414935269959,0.053602891856911715,0.161921755467765,0.0,0.0011553695190930598,0.000841235362566703,0.0009122576102734468,2,1.2926923621992037e-32,4.0015057017657454e-24,1.0,transition
2017-10-01,0.02218813506615125,0.05212251321365646,-0.007877486786343535,0.5214529231453113,0.04109446403781799,0.21123162902427572,0.0,0.0007971451056788832,0.000906105458180801,0.0006692308388155259,2,2.75707458737789e-35,3.108059599925421e-25,1.0,transition
2017-11-01,0.028082627806563343,0.05980337679687886,-0.0001966232031211379,0.5443081810811075,0.0385544523676664,0.20409676487393424,0.0,0.0006834874231437742,0.0008601839978519453,0.000688578063807824,2,4.6444769073321516e-36,1.2775960015221175e-25,1.0,transition
2017-12-01,0.009831630594270502,0.06176047266884188,0.0017604726688418837,0.5490977661764269,0.038858446644951736,0.1941996552328793,0.0,0.0006165792001306623,0.000867048155321044,0.0006719438567057968,2,3.5235154530662105e-36,2.0463728354982322e-25,1.0,transition
2018-01-01,0.05617870412552817,0.07433888318811888,0.014338883188118878,0.5977797078671632,0.05675457468862429,0.2391272487608005,0.0,0.0013532081680773273,0.0008338855789133145,0.0008175332050741324,2,1.1384589072377957e-27,2.5627458672132744e-22,1.0,transition
2018-02-01,-0.0389473718793677,0.07387203743473059,0.013872037434730589,0.5521143633348684,0.07651289081656082,0.14815716499221354,-0.0389473718793677,0.0006124287933911641,0.0010485256575111976,0.0007280580844694275,2,5.44331364759469e-27,4.644811967816611e-20,1.0,transition
2018-03-01,-0.02688449860055664,0.07158979848960345,0.011589798489603453,0.5190999210715566,0.08521133342315733,0.11772455048983232,-0.06478478991513814,0.0008368716287957231,0.00082643011612803,0.0008415197296357342,2,7.47552641381905e-25,8.943826078968603e-20,1.0,transition
2018-04-01,0.0027187749953683227,0.06691334159496942,0.006913341594969424,0.5164175275378051,0.085490178504113,0.11066609473193023,-0.06224215018667123,0.0007202393613495687,0.0009444656807623985,0.0007275807040528554,2,2.383300195985365e-27,8.994122630650425e-21,1.0,transition
2018-05-01,0.0216083418545836,0.06806201975593118,0.008062019755931182,0.5323085679054982,0.08639573784226978,0.12168088761990026,-0.041978757991085525,0.00047805731733526255,0.0008315747419146611,0.001302353746509944,2,5.353879694707132e-27,1.9692283309964685e-20,1.0,transition
2018-06-01,0.00484243626760783,0.07822615322208093,0.018226153222080932,0.5308628806158264,0.08639390222359343,0.12171288216832732,-0.03733960118364288,0.0005384645345527714,0.0009339064495703707,0.0007029795760864499,2,5.071773265180046e-28,3.0152197574152993e-21,1.0,transition
2018-07-01,0.03602155617289915,0.08312119105066262,0.023121191050662626,0.5595969259490126,0.0899197050740052,0.1400599050299609,-0.0026630755522539795,0.0009403021361664675,0.000815780940389822,0.0009550279916819821,2,8.242663566410487e-27,1.2123793915535902e-21,1.0,transition
2018-08-01,0.030263211276748248,0.08503974794198998,0.025039747941989987,0.5826098554426187,0.0909505974169537,0.17392030998398034,0.0,0.00082413245373392,0.00087874016802892,0.0007119030669792634,2,5.135162795940614e-27,2.285952915878026e-21,1.0,transition
2018-09-01,0.0042942874264617625,0.09588604130204503,0.035886041302045035,0.5792646815451477,0.09119208528026454,0.1566349613476652,0.0,0.0008336368419345242,0.0007758747928787975,0.0009946870033608688,2,2.764587010554399e-24,1.0748971440250794e-20,1.0,transition
2018-10-01,-0.0694033560936963,0.10841816127417303,0.04841816127417303,0.49875750900760796,0.1215411627644541,0.05299658285035491,-0.0694033560936963,0.0012234846985906792,0.0009609740128722497,0.0010721747117264262,2,3.0494271058597385e-15,1.0190894743864674e-15,1.0,transition
2018-11-01,0.01785935665477978,0.11905427349433029,0.05905427349433029,0.5070856002357367,0.11983035362636384,0.042525566905510015,-0.052783498728432465,0.0005650696476446933,0.0010952540133935297,0.0009410347580641113,2,1.0715391455490295e-19,4.743621465252272e-18,1.0,transition
2018-12-01,-0.09177689467997252,0.10747017580929241,0.047470175809292414,0.4023138559376118,0.15296359410516983,-0.0623725984962068,-0.1397160878047653,0.0019004111259429027,0.0012590697681903068,0.0010672936387207646,2,1.2367418499284424e-09,1.565466657111445e-11,0.9999999987476258,transition
2019-01-01,0.07868440166582613,0.12592790083937033,0.06592790083937033,0.46817204988759453,0.16395342381986966,-0.04239306414154331,-0.07202516291094707,0.001206040500393951,0.001813797190217358,0.0012700230489609964,2,3.864219022129061e-11,1.341329411306515e-11,0.9999999999481588,transition
2019-02-01,0.029728889343927145,0.1424587100095316,0.08245871000953159,0.48636904466151876,0.16169384454547162,0.026036969918984187,-0.0444375016651779,0.0012718272938531787,0.0011794151521006637,0.0009775061742650015,2,8.281154221921297e-14,2.532458132846113e-16,1.0,transition
2019-03-01,0.01792425624958849,0.13514907376240193,0.07514907376240193,0.4935708901491953,0.15879275609957885,0.07328258360632933,-0.0273097545825276,0.0006840956491668593,0.0013060227824390667,0.0012512281870669622,2,4.8341629342528746e-14,2.7388734308211968e-15,1.0,transition
2019-04-01,0.03931349831373798,0.1293506287837729,0.0693506287837729,0.5219943873377639,0.1619280785340629,0.11245256842054596,0.0,0.0011706035946408625,0.0011576638180137498,0.001565208341558509,2,3.451386439085746e-13,1.5990496734287104e-15,0.9999999999995453,transition
2019-05-01,-0.0657777313668354,0.11590602745494882,0.055906027454948826,0.4448146052862034,0.17785839049313995,0.01729588496700507,-0.0657777313668354,0.0011738065569181645,0.001586082830278894,0.001140509953622645,2,2.1609806499396176e-10,1.909316374985611e-11,0.9999999997648956,transition
2019-06-01,0.0689301639982407,0.12334731810593413,0.06334731810593414,0.5017801647683022,0.18985621116905058,0.08217787973966195,-0.0013816371791429694,0.0013302019776976713,0.0018049833119115387,0.0010717020535416083,2,2.7314732961240145e-11,2.4962530516918636e-12,0.9999999999699867,transition
2019-07-01,0.013128152166957952,0.11679724094256416,0.056797240942564164,0.5056174743919906,0.1875369026545838,0.058264540041700785,0.0,0.0013465630518768809,0.001542354326325169,0.0017033473281509494,2,8.062288246636774e-11,4.073163160121311e-12,0.999999999915417,transition
2019-08-01,-0.018091627240523933,0.11108645033340991,0.051086450333409916,0.4785819992560958,0.18697258297478683,0.008595474523136026,-0.018091627240523933,0.0008793891368507573,0.0015289772854826232,0.0010201297741719618,2,2.9729543716690667e-13,9.855049645251977e-13,0.9999999999986358,transition
2019-09-01,0.017181177931020697,0.1090811048738427,0.04908110487384271,0.4869895965943414,0.18758310431798206,0.021537556944893455,-0.0012212847761843282,0.0019405709251758096,0.0013697086752110553,0.0012952882779461842,2,7.810021662551656e-12,3.8143542183076525e-13,0.9999999999918145,transition
2019-10-01,0.020431770513684056,0.11354699464868645,0.05354699464868645,0.49825290447524395,0.1704073296861628,0.12015166259771615,0.0,0.001129096227948522,0.0013400845558094888,0.0005742750334622527,2,1.1976144264286605e-14,1.5304489571212555e-14,1.0,transition
2019-11-01,0.034047037714499906,0.1110666837322336,0.05106668373223361,0.5229564596951715,0.17191888197840038,0.13796616490011715,0.0,0.0012004159346652257,0.0012683142015889166,0.0011560633843426189,2,3.8885935863064984e-13,6.456129371986591e-14,0.9999999999995453,transition
2019-12-01,0.02858981890573009,0.11224217324467767,0.05224217324467767,0.5422803865093586,0.12960168878483536,0.2887807022515845,0.0,0.0013284467958535105,0.0013170214330131369,0.0009700224185528441,2,1.2204810629924088e-12,1.6764433760559446e-13,0.9999999999986358,transition
2020-01-01,-0.0016280928190489652,0.11625856280295377,0.05625856280295377,0.5314857565549804,0.11539217253326485,0.1928256732533442,-0.0016280928190489652,0.0012131405386261072,0.0013259598963697898,0.0006333181215673299,2,5.763578816314447e-17,4.001857621185775e-16,1.0,transition
2020-02-01,-0.08411048363840312,0.10338761407571884,0.04338761407571884,0.4354274616000753,0.1506473524910005,0.060955500312092514,-0.08560163678303367,0.002843424892753386,0.0013277476761724305,0.0009104013833869838,2,3.0115553438383996e-06,1.8211379354732774e-08,0.9999969702330841,transition
2020-03-01,-0.12511928240892822,0.08253449079102482,0.02253449079102482,0.29515098338390633,0.19844633587945504,-0.08813499261221347,-0.20001050382463903,0.0038459758918144454,0.0012581139231869901,0.0013580897161762872,0,0.9987982432023185,3.8085836918773994e-05,0.0011636709605520822,fragile_downturn
2020-04-01,0.1268440381652789,0.09393576781253277,0.03393576781253277,0.4070899897170124,0.2360379565747774,-0.01133811034533061,-0.09853660563994926,0.0016145268069986322,0.0029833253628863887,0.0033084816206352683,1,0.005096366311803831,0.9945946100718145,0.00030902361620606053,supportive_uptrend
2020-05-01,0.04528181966555822,0.10822961400088404,0.04822961400088405,0.4428128726904328,0.2276359945860426,0.10619317666684003,-0.05771670278143548,0.002263875771967281,0.001938793826790891,0.002389369197341152,2,0.0007468611953668452,0.00027157957587590695,0.9989815592289769,transition
2020-06-01,0.01838839651392421,0.11641737065410562,0.056417370654105625,0.45185718187345625,0.21891690819378712,0.05388951810161613,-0.04038962388373246,0.0015383984980425938,0.002038568208254641,0.0023998734863675893,2,3.363986209223445e-07,3.069968906162783e-06,0.9999965936325489,transition
2020-07-01,0.055101321480443666,0.1149804625107742,0.05498046251077421,0.4964242433124042,0.22431380459832598,0.09755140143431529,0.0,0.0015456284148197815,0.0018953953870902657,0.0036232140173801256,2,6.9515258739656e-07,3.4595534324963565e-07,0.9999989588919523,transition
2020-08-01,0.07006466690171775,0.12802686912210115,0.06802686912210115,0.5541041619054372,0.2296398846636099,0.19609019269561978,0.0,0.002493093995755926,0.002015258103113089,0.0016397629740422307,2,2.817357522291738e-06,3.558459154490456e-08,0.9999971470578881,transition
2020-09-01,-0.039227970178423055,0.11413165140182557,0.054131651401825576,0.5050797657956982,0.23644273477528163,0.12975940493049665,-0.039227970178423055,0.0023643373837929755,0.0022135436898456495,0.0011753686182570367,2,1.338162776244357e-05,1.3123928612540382e-07,0.9999864871327964,transition
2020-10-01,-0.027665786221379718,0.10699644143095877,0.04699644143095877,0.46855320358387953,0.23952972485789065,0.07650874315595924,-0.0658084837629479,0.0019564425216753293,0.0020606598179713,0.0021106286543935526,2,0.000617528344183917,4.5909144156783464e-07,0.9993820125645856,transition
2020-11-01,0.10754563544385909,0.1186184191740991,0.0586184191740991,0.5613584340284978,0.25863572964132775,0.15302545872069495,0.0,0.0017948291209384157,0.0024925777436113463,0.003587863125250767,2,6.185082584360495e-05,0.0008222869596936952,0.9991158622145875,transition
2020-12-01,0.03712145909357001,0.11562370541954747,0.055623705419547476,0.588689679737679,0.2592824808730712,0.16258923055706176,0.0,0.002221364828275264,0.002407161726994913,0.002392154815895875,2,0.002262878760183296,3.3824171820876666e-05,0.997703297067909,transition
2021-01-01,-0.011136660755445171,0.11188237775168242,0.05188237775168242,0.5686526741842393,0.2601293354667534,0.15151664467863024,-0.011136660755445171,0.002623813726696543,0.0022597071850845134,0.002052851438711809,2,0.0051649892757768415,0.0022718208181736503,0.9925631899061517,transition
2021-02-01,0.026091451377448394,0.1112488187147731,0.0512488187147731,0.5856191804549757,0.23689674051060608,0.2900697781948409,0.0,0.001628904797700545,0.0024178497130538396,0.002482336288505862,2,0.2469115404333944,0.00010725058497468709,0.7529812089817557,transition
2021-03-01,0.042438632533165155,0.1159940269230415,0.05599402692304151,0.6180365284270826,0.17269648669270432,0.5371450626511303,0.0,0.0010248390926381663,0.00220742738936831,0.0034292999832432175,2,0.00035013207313009395,0.25193605654220314,0.7477138113846474,transition
2021-04-01,0.05242532134755851,0.11856381106741609,0.058563811067416094,0.6597967296538796,0.14445435230788742,0.43562936105373384,0.0,0.002226950442686375,0.0023980740192174016,0.0021695428237468307,2,0.0003457369100479541,2.6042032252225022e-05,0.9996282210575897,transition
2021-05-01,0.00548648867060697,0.12069832123349089,0.06069832123349089,0.6557722230279142,0.14574887103796066,0.380972956881811,0.0,0.002669642607355527,0.0022683114758258703,0.001751048592407166,2,7.55410875230544e-07,3.2606192244853355e-06,0.9999959839700447,transition
2021-06-01,0.022214009565834747,0.12523476958459523,0.06523476958459523,0.6679104540973633,0.14552217152402105,0.3861606320225206,0.0,0.0018795207808704113,0.002420137270581918,0.0023035721582109476,2,4.840934353836594e-07,2.305351019064669e-08,0.9999994928531499,transition
2021-07-01,0.02274805482838871,0.13021948812114092,0.07021948812114093,0.6802026424247831,0.1426064855015393,0.34365587571392275,0.0,0.001097081319729186,0.0022297363850979747,0.003269734302087112,2,3.593172684719465e-07,3.439852873841784e-08,0.9999996062843686,transition
2021-08-01,0.028990416255438634,0.14010049916281364,0.08010049916281364,0.6978544176111461,0.13433426483649624,0.29207987294652327,0.0,0.0022170003592521088,0.0024110493551796654,0.0020895271195361187,2,1.685681287762028e-08,3.7929444787619766e-10,0.9999999827637113,transition
2021-09-01,-0.047569168801901096,0.14303767580079052,0.08303767580079052,0.6379758459554088,0.13868725130064094,0.2808623369201606,-0.047569168801901096,0.0030014651040348654,0.0023745096839004843,0.0017814918440229861,2,2.6058373638154707e-07,9.902383072500668e-09,0.9999997295140385,transition
2021-10-01,0.0691438364006065,0.1389929614132268,0.07899296141322681,0.693988645837206,0.13494172002566562,0.4083902976879674,0.0,0.002296558499533648,0.002887679423251658,0.002251805189492602,2,7.257835021708023e-07,3.197354053737975e-08,0.9999992422429529,transition
2021-11-01,-0.008333706184746159,0.13861748914212146,0.07861748914212147,0.6748021203792476,0.1092556043654997,0.26103443691858996,-0.008333706184746159,0.001199458082576696,0.002566007584446105,0.0033877902187016986,2,1.860544043793263e-07,1.0291883036325962e-08,0.9999998036537556,transition
2021-12-01,0.04361291346206486,0.1425173228559895,0.0825173228559895,0.7063879347149387,0.11055256033693472,0.2689273866137125,0.0,0.00220764151001718,0.0027666067756851724,0.002096675765725266,2,6.913408954048821e-09,3.065914478579117e-10,0.9999999927799763,transition
2022-01-01,-0.052585165027393854,0.13152488464063294,0.07152488464063295,0.6420725231771733,0.1296213306486654,0.21573991356507927,-0.052585165027393854,0.003223045055189472,0.0026600754937928157,0.0018568454038881692,2,4.07156482803781e-07,4.478856650009681e-09,0.9999995883646017,transition
2022-02-01,-0.031360491945908286,0.12344647239756856,0.06344647239756857,0.6005096648310975,0.1377306463731007,0.14766935268444836,-0.08229656032898625,0.002016149153444034,0.0026466988895084524,0.0022996223173348917,2,6.006367250789497e-07,4.896244360721838e-09,0.9999993944672511,transition
2022-03-01,0.03577328837154625,0.12392929979647671,0.06392929979647671,0.625922047022935,0.1362915748201052,0.1403311641516658,-0.049467290542075215,0.0010406463385253687,0.00264755547228475,0.0034593426720191034,2,2.203284418136776e-06,1.5294533589621063e-06,0.9999962672624496,transition
2022-04-01,-0.08795671180434306,0.11446741536752847,0.05446741536752847,0.5248228357471785,0.16066284495866925,-0.011776547476852861,-0.13307302212846717,0.002991128447252097,0.0031442879604872665,0.0020560947708625093,2,0.023445329725080677,3.5680287778602645e-06,0.9765511022462244,transition
2022-05-01,5.317770464463578e-05,0.12170728344147586,0.06170728344147586,0.5153050216325292,0.16055277274090388,-0.01711657479886508,-0.13302692094168944,0.002685636038293425,0.0029322560184088724,0.0017367032667878618,2,0.0653681071306408,0.021052729740391983,0.9135791631290959,transition
2022-06-01,-0.08391999993382682,0.1076132274617394,0.047613227461739405,0.4191361519362875,0.17831417291476592,-0.11916698480221055,-0.20578330167889258,0.0034528335545418974,0.003135212502560749,0.0022392627159770343,0,0.9993410232955797,0.0006290776997946695,2.9899004662318792e-05,fragile_downturn
2022-07-01,0.09111639173021002,0.11591612538761686,0.055916125387616866,0.49719789457000285,0.20309665932204277,-0.06028533936374103,-0.13341714187599252,0.0016319084929397748,0.0036857198664965716,0.003851919831180858,1,0.0018204203922803453,0.9981795771572874,2.450575247799713e-09,supportive_uptrend
2022-08-01,-0.04244012827299837,0.10891486785213877,0.04891486785213878,0.4452157021869718,0.20315892688130632,-0.12551853186991901,-0.17019502953395693,0.002397802719901057,0.0038854225538066554,0.001727501180434334,0,0.9999999907176971,5.129718196805835e-11,9.23113101732862e-09,fragile_downturn
2022-09-01,-0.09339567201327437,0.09546870424727216,0.035468704247272165,0.3395680095581657,0.2172005680185838,-0.16759447743453126,-0.24769522239058828,0.0045347967337314235,0.003164365843801924,0.0030272466434793353,1,1.8387632333576263e-05,0.9999815994543848,1.2913201204424573e-08,supportive_uptrend
2022-10-01,0.0798634138370089,0.10612680981121958,0.04612680981121958,0.4079971946289822,0.22185706142005412,-0.15924851391322437,-0.18761359460480886,0.002111258507904155,0.004512580599625363,0.002270206703811196,0,1.0,1.9080843323991704e-16,1.4548856106308294e-18,fragile_downturn
2022-11-01,0.053752893352493114,0.11161741252108714,0.05161741252108715,0.45153716379828435,0.2315919925056661,-0.10661044286799326,-0.14394547479458597,0.00206304516550625,0.003156095935698404,0.005042740364383589,1,1.5219068068297306e-08,0.9999999842975741,4.833664837296822e-10,supportive_uptrend
2022-12-01,-0.05897147407473047,0.1041033568328893,0.044103356832889296,0.38250254143891205,0.2297067246272222,-0.1944282720342927,-0.1525049901490363,0.003930509594897608,0.004097059779145037,0.0018204729213371093,0,0.9999999765627765,1.6701619838272906e-11,2.342035741827703e-08,fragile_downturn
2023-01-01,0.0617528578346791,0.1052879649415126,0.045287964941512604,0.4340815647085954,0.23805785107245256,-0.09720847427606383,-0.10016975129010985,0.0031678493827787028,0.0033387514959961244,0.003274710900733119,1,0.0012861034861123576,0.9987109823833006,2.9141307904679047e-06,supportive_uptrend
2023-02-01,-0.02611249393181858,0.10115536694618998,0.041155366946189986,0.3995920890006852,0.23751265491769105,-0.09231723445491091,-0.12366656319921365,0.0016109519827769067,0.004174787595099422,0.002139363618308109,0,0.9999999881047189,1.0674767196555361e-12,1.1894009741367907e-08,fragile_downturn
2023-03-01,0.03505161257710898,0.1010558268206605,0.0410558268206605,0.42602091819776344,0.23737566460961335,-0.09294966308410613,-0.0055273512069455855,0.0013928610372381277,0.003291756841275856,0.0037763835784654057,1,0.0002362302227201988,0.9997637522832026,1.7494283647913632e-08,supportive_uptrend
2023-04-01,0.014642341662481018,0.1006828535922133,0.0406828535922133,0.43256286558103074,0.2202561000647108,0.009087715205739144,0.0,0.0022249659749776834,0.003951157144671949,0.0016008465613714382,0,0.9993564827100927,2.0314537673462819e-10,0.0006435170866393253,fragile_downturn
2023-05-01,0.002482347368192972,0.09869561331256116,0.03869561331256116,0.4271984978392602,0.2202386594117961,0.011538830126710975,0.0,0.0032531015529828253,0.0029719049297673664,0.0027229645020105547,1,0.018301076756161223,0.948326122520113,0.03337280072360822,supportive_uptrend
2023-06-01,0.06472746490423464,0.10728032317376934,0.047280323173769345,0.48142512529815296,0.20608239157100125,0.17567589530959093,0.0,0.002076427828027058,0.00379368532971666,0.0021020654761460364,0,0.761603275752606,6.831030350030928e-07,0.2383960411441701,fragile_downturn
2023-07-01,0.031138932355010862,0.10533170092262356,0.04533170092262356,0.5037436202263068,0.1900883845801868,0.11105029369296049,0.0,0.0017251856320218296,0.002962480598399216,0.003661926818294733,1,0.00038903150036973737,0.6840047607704606,0.31560620772909986,supportive_uptrend
2023-08-01,-0.017716390070854016,0.10687173319511767,0.04687173319511767,0.4774069348688057,0.18413281202575266,0.1397370812262959,-0.017716390070854016,0.002515218861446866,0.003770668870387202,0.001550231938562514,2,0.2569504862529836,2.3841566659379307e-09,0.7430495113630773,transition
2023-09-01,-0.048719367465624885,0.09813315062794459,0.03813315062794459,0.41965980009176285,0.1600038717306112,0.1959018703997495,-0.06557262621845272,0.0031025913152169507,0.002945830849381577,0.0029450431049410264,2,0.0008948023341294834,0.237205436904463,0.7618997607612854,transition
2023-10-01,-0.02197968873798295,0.09092517543937273,0.030925175439372732,0.39018278233755144,0.14758254846960256,0.08311505375598305,-0.08611104904242195,0.0021516175747692745,0.0037798784710968104,0.002362043855959944,0,0.9912212631110228,2.9301322291748746e-11,0.008778736859473618,fragile_downturn
2023-11-01,0.08917926878197013,0.09724471926692257,0.03724471926692258,0.4678737107986013,0.1631269070967531,0.11952856281464053,-0.00461110064810355,0.0021272249724131223,0.003212447536814962,0.004953635521658009,1,2.125663759818015e-06,0.9970062118431572,0.0029916624930125344,supportive_uptrend
2023-12-01,0.04422923115636013,0.09944025694679026,0.039440256946790264,0.5032526468159251,0.1470648157067199,0.24230500797629895,0.0,0.003749839238755979,0.004034953439668019,0.0013258142621153973,0,0.9901160953059925,1.241009299112818e-14,0.009883904694212247,fragile_downturn
2024-01-01,0.015895707598991615,0.10517246878365594,0.04517246878365594,0.5106898904408821,0.13949576365829874,0.18864980284174737,0.0,0.006148429663080059,0.0030495644586434278,0.0038540935322592296,1,5.162244336685941e-09,0.9899534150178136,0.010046579819753727,supportive_uptrend
2024-02-01,0.05172064062372317,0.10608064733005573,0.046080647330055735,0.5527155172151774,0.13599831334698106,0.2836467500944242,0.0,0.0027791925904010173,0.004055315972822393,0.0019799930763703204,0,0.9433383120194947,7.000429704313461e-13,0.05666168798000545,fragile_downturn
2024-03-01,0.031018779915342964,0.10869842324568424,0.04869842324568424,0.5746640426910741,0.13562636254695717,0.27864532554994037,0.0,0.006823076274608236,0.002526142419913136,0.002193953948586499,1,4.0158749999935527e-07,0.9430681639914316,0.05693143442097238,supportive_uptrend
2024-04-01,-0.04161507173789869,0.1033135759046504,0.0433135759046504,0.5239650988824724,0.14962291409715514,0.20775011871866988,-0.04161507173789869,0.0029010153257238917,0.003204513009315284,0.0009437789837972705,2,0.00019676726875741,1.0946350570336689e-10,0.9998032326219881,transition
2024-05-01,0.0480211901511991,0.10619605737319948,0.046196057373199484,0.5624583079822845,0.15181728620887994,0.2626134715965296,0.0,0.002062880660920345,0.002708878113842775,0.002784880740391776,2,2.202220515404894e-07,1.3063566103227943e-06,0.9999984734211295,transition
2024-06-01,0.03466980128308328,0.10787912466028882,0.04787912466028882,0.5880033604622419,0.14508947551659893,0.2269694103097326,0.0,0.003259546917510714,0.0031533940984366203,0.0017058973317288547,2,2.687689070108955e-07,1.0548644459594232e-10,0.9999997311256628,transition
2024-07-01,0.011321316887868749,0.11081361011665081,0.05081361011665081,0.5905033434553904,0.14448190665786617,0.2033880991978243,0.0,0.0020858117760368627,0.002610794047625017,0.002210515806266315,2,1.4948700217968392e-08,4.402936429102358e-10,0.999999984610895,transition
2024-08-01,0.022834706936630367,0.1092167705903373,0.0492167705903373,0.6044433943910636,0.13966628806778025,0.25306693640426325,0.0,0.002417853746071608,0.0030894863940192875,0.0010588186289102873,2,6.5754654464166185e-09,1.396866265618895e-12,0.9999999934229891,transition
2024-09-01,0.020196884090601275,0.11317607798066232,0.05317607798066232,0.6155042549270355,0.11817862349183962,0.3438463271040999,0.0,0.0016964086099154857,0.002470844042606306,0.0024779587845173323,2,3.1421547611844806e-08,1.404581775881214e-09,0.999999967174063,transition
2024-10-01,-0.009896743303151712,0.10952169491807573,0.04952169491807573,0.5968974619136027,0.1134090027084594,0.36044886762009853,-0.009896743303151712,0.004387385897222445,0.002904938588102045,0.0011391067197172346,2,8.575335010958939e-07,2.492429303315726e-09,0.9999991399739944,transition
2024-11-01,0.057301295482098835,0.11302022198219475,0.05302022198219475,0.6436940725243314,0.09754938778445797,0.3206314069679761,0.0,0.0021660682480956436,0.002364519022091171,0.00182332074822927,2,3.157802776215817e-10,3.124216132625883e-11,0.9999999996530278,transition
2024-12-01,-0.02499013704848363,0.11067308033209677,0.050673080332096776,0.6096391961508747,0.1059392670868604,0.23309002343424012,-0.02499013704848363,0.0017224527783793945,0.0030034624117266234,0.000674227974449184,2,5.586183217946672e-12,9.355527036374732e-14,0.999999999994543,transition
2025-01-01,0.0270163042404441,0.11715499306146548,0.05715499306146549,0.6270648968374477,0.10627686507797166,0.2465881578102782,0.0,0.0017241779220558446,0.0023892594706081036,0.0022273878064554614,2,1.3538315237834831e-10,2.2392133877074037e-11,0.9999999998422027,transition
2025-02-01,-0.014242092699825126,0.1096081474690358,0.0496081474690358,0.6040531677973195,0.10455588363309594,0.16840355341840563,-0.014242092699825126,0.0022955196128849266,0.00293740342253009,0.0009073745798455436,2,4.226090530076052e-12,2.191830595875461e-13,0.9999999999954525,transition
2025-03-01,-0.05754469768137538,0.10498877208066637,0.04498877208066637,0.5364667845917168,0.12403395266814131,0.06803886177273677,-0.07096723346243894,0.002514799044773142,0.0023806036507831065,0.0018413173512804774,2,9.482335720470117e-09,1.9222297249942466e-10,0.9999999903252501,transition
2025-04-01,-0.007624943346289825,0.10320688174877413,0.04320688174877413,0.5206275156217117,0.11402619665395451,0.10591798212233705,-0.07805105567413484,0.001728551532150704,0.0030102147326067303,0.0005616643196179185,2,1.3985161697110305e-11,7.160631962404003e-14,0.9999999999859028,transition
2025-05-01,0.06152382614078289,0.10865565229486562,0.048655652294865626,0.5717372834876233,0.11973375122397845,0.12016655656650332,-0.021329229112751924,0.0016347015794037475,0.002409382876215338,0.0028628669636512174,2,5.826661362287389e-10,8.605772193587857e-10,0.9999999985566319,transition
2025-06-01,0.049606839467715824,0.11640452814323754,0.05640452814323754,0.6109768323774052,0.1239424738719067,0.13633787093929461,0.0,0.0019988032756301766,0.0030251030948981105,0.0011174850360014825,2,1.1311045293096414e-11,1.2612509031571828e-12,0.9999999999872671,transition
2025-07-01,0.0216665625306407,0.11661504559426672,0.05661504559426672,0.6232201921470093,0.12437614470452528,0.14796196529164862,0.0,0.001640859060947772,0.0023889507028973756,0.0025869600309401594,2,2.8597227741866287e-10,1.2315468141158547e-10,0.9999999995907274,transition
2025-08-01,0.019066444295036122,0.12597913249347736,0.06597913249347737,0.6322193998940353,0.12407986080760047,0.14373271675477084,0.0,0.0018957367636235607,0.002957855248203098,0.001181950128162679,2,2.5150247230118863e-11,5.67784478508494e-12,0.9999999999690772,transition
2025-09-01,0.035323687218701494,0.13292669736725204,0.07292669736725205,0.6565331621479089,0.12609696008185714,0.1606912273200516,0.0,0.0024050126314317027,0.0022002605760625044,0.002344854045919526,2,9.559530768320284e-10,1.7963036816992726e-11,0.9999999990259312,transition
2025-10-01,0.0226868719049238,0.126455164491871,0.066455164491871,0.6690435409116784,0.12380316716457287,0.19888877497034163,0.0,0.0015904758952877869,0.002745718852435876,0.0011380209176553462,2,3.885049771783251e-12,2.26731827455681e-12,0.9999999999936335,transition
2025-11-01,0.0012996181666717899,0.12654461226516855,0.06654461226516856,0.6604127250848499,0.11573456979846937,0.13538768724835704,0.0,0.0015050314782702394,0.002134344499774685,0.0022163724837151225,2,9.586993040531212e-12,4.115147545305246e-12,0.9999999999863576,transition
2025-12-01,-0.0005241344225139777,0.12847957888274086,0.06847957888274087,0.6498158514804118,0.10983603319036798,0.1638780638006745,-0.0005241344225139777,0.002508187631410441,0.0026560516490179947,0.0007759539493220807,2,2.4968352855937738e-12,1.4840879898049558e-12,0.9999999999959073,transition
2026-01-01,0.013662958900920286,0.13591106486180626,0.07591106486180627,0.6527667279529918,0.1088089157019103,0.148745231288808,0.0,0.0014149375758888254,0.002007655018781014,0.002238706439377475,2,5.244445450224109e-12,5.827881633468277e-13,0.9999999999940883,transition
2026-02-01,-0.008668344740704326,0.13539215977208685,0.07539215977208685,0.6334790857040531,0.10747281607354081,0.15524055467503572,-0.008668344740704326,0.0013320199469762112,0.002598565358486577,0.001191756393546495,2,9.96676067543741e-13,4.234407103305636e-12,0.999999999994543,transition
2026-03-01,-0.03959796552315009,0.123610631070874,0.063610631070874,0.5833635162793023,0.0955418065539501,0.1772392561116618,-0.047923061447669224,0.003211598361937663,0.0018300803046167077,0.0022519150271228697,2,0.0002726152874479428,2.8878519730328415e-10,0.99972738442363,transition
